bundle	variable_name	qsirecon_suffix	source_file	zero_proportion	mean	stdev	median	masked_mean	masked_median	masked_stdev	weighted_mean	masked_weighted_mean	subject_id	session_id	task_id	dir_id	acq_id	space_id	rec_id	run_id	bundle_source	bundle_params_id
Association_ArcuateFasciculusL	ad	TORTOISE_model-tensor	/scratch/executivefunction/SLURM_8364170_131/job-8364170-131-sub-21038-ses-2/ds/inputs/data/qsiprep/qsiprep/sub-21038/ses-2/dwi/sub-21038_ses-2_space-ACPC_desc-preproc_dwi.nii.gz	0.0	668.9990746608192	161.54467809099302	625.3978329666865	668.9990746608192	625.3978329666865	161.54467809099302	630.1725447377439	630.1725447377439	sub-21038	ses-2				space-ACPC			DSIStudio	autotrackgqi
Association_ArcuateFasciculusL	am	TORTOISE_model-tensor	/scratch/executivefunction/SLURM_8364170_131/job-8364170-131-sub-21038-ses-2/ds/inputs/data/qsiprep/qsiprep/sub-21038/ses-2/dwi/sub-21038_ses-2_space-ACPC_desc-preproc_dwi.nii.gz	0.0	1269.2176513671875	519.2247314453125	1160.429931640625	1269.2176513671875	1160.429931640625	519.2247314453125	1193.8359375	1193.8359375	sub-21038	ses-2				space-ACPC			DSIStudio	autotrackgqi
Association_ArcuateFasciculusL	fa	TORTOISE_model-tensor	/scratch/executivefunction/SLURM_8364170_131/job-8364170-131-sub-21038-ses-2/ds/inputs/data/qsiprep/qsiprep/sub-21038/ses-2/dwi/sub-21038_ses-2_space-ACPC_desc-preproc_dwi.nii.gz	0.0	0.2639081476622577	0.1036219323763463	0.2301476811456846	0.2639081476622577	0.2301476811456846	0.1036219323763463	0.2856918510734132	0.2856918510734132	sub-21038	ses-2				space-ACPC			DSIStudio	autotrackgqi
Association_ArcuateFasciculusL	li	TORTOISE_model-tensor	/scratch/executivefunction/SLURM_8364170_131/job-8364170-131-sub-21038-ses-2/ds/inputs/data/qsiprep/qsiprep/sub-21038/ses-2/dwi/sub-21038_ses-2_space-ACPC_desc-preproc_dwi.nii.gz	0.0	0.1411107182502746	0.0667959749698638	0.1237644106149673	0.1411107182502746	0.1237644106149673	0.0667959749698638	0.1563267260789871	0.1563267260789871	sub-21038	ses-2				space-ACPC			DSIStudio	autotrackgqi
Association_ArcuateFasciculusL	rd	TORTOISE_model-tensor	/scratch/executivefunction/SLURM_8364170_131/job-8364170-131-sub-21038-ses-2/ds/inputs/data/qsiprep/qsiprep/sub-21038/ses-2/dwi/sub-21038_ses-2_space-ACPC_desc-preproc_dwi.nii.gz	0.0	453.96467475701326	123.21595845073622	444.44953050575407	453.96467475701326	444.44953050575407	123.21595845073622	422.97147552507255	422.97147552507255	sub-21038	ses-2				space-ACPC			DSIStudio	autotrackgqi
Association_ArcuateFasciculusR	ad	TORTOISE_model-tensor	/scratch/executivefunction/SLURM_8364170_131/job-8364170-131-sub-21038-ses-2/ds/inputs/data/qsiprep/qsiprep/sub-21038/ses-2/dwi/sub-21038_ses-2_space-ACPC_desc-preproc_dwi.nii.gz	0.0	726.3807495956816	76.77113825625008	705.2981547089923	726.3807495956816	705.2981547089923	76.77113825625008	733.3972055009452	733.3972055009452	sub-21038	ses-2				space-ACPC			DSIStudio	autotrackgqi
Association_ArcuateFasciculusR	am	TORTOISE_model-tensor	/scratch/executivefunction/SLURM_8364170_131/job-8364170-131-sub-21038-ses-2/ds/inputs/data/qsiprep/qsiprep/sub-21038/ses-2/dwi/sub-21038_ses-2_space-ACPC_desc-preproc_dwi.nii.gz	0.0	2183.209716796875	783.3795166015625	2220.86962890625	2183.209716796875	2220.86962890625	783.3795166015625	2210.0703125	2210.0703125	sub-21038	ses-2				space-ACPC			DSIStudio	autotrackgqi
Association_ArcuateFasciculusR	fa	TORTOISE_model-tensor	/scratch/executivefunction/SLURM_8364170_131/job-8364170-131-sub-21038-ses-2/ds/inputs/data/qsiprep/qsiprep/sub-21038/ses-2/dwi/sub-21038_ses-2_space-ACPC_desc-preproc_dwi.nii.gz	0.0	0.2042254718360902	0.0885987524277888	0.1708105970055525	0.2042254718360902	0.1708105970055525	0.0885987524277888	0.199050738326752	0.199050738326752	sub-21038	ses-2				space-ACPC			DSIStudio	autotrackgqi
Association_ArcuateFasciculusR	li	TORTOISE_model-tensor	/scratch/executivefunction/SLURM_8364170_131/job-8364170-131-sub-21038-ses-2/ds/inputs/data/qsiprep/qsiprep/sub-21038/ses-2/dwi/sub-21038_ses-2_space-ACPC_desc-preproc_dwi.nii.gz	0.0	0.1130735352635383	0.052013374865055	0.0924369245767593	0.1130735352635383	0.0924369245767593	0.052013374865055	0.1109727621078491	0.1109727621078491	sub-21038	ses-2				space-ACPC			DSIStudio	autotrackgqi
Association_ArcuateFasciculusR	rd	TORTOISE_model-tensor	/scratch/executivefunction/SLURM_8364170_131/job-8364170-131-sub-21038-ses-2/ds/inputs/data/qsiprep/qsiprep/sub-21038/ses-2/dwi/sub-21038_ses-2_space-ACPC_desc-preproc_dwi.nii.gz	0.0	537.6187391381501	93.72265591180584	515.4135909877049	537.6187391381501	515.4135909877049	93.72265591180584	546.7966216673732	546.7966216673732	sub-21038	ses-2				space-ACPC			DSIStudio	autotrackgqi
Association_CingulumL	ad	TORTOISE_model-tensor	/scratch/executivefunction/SLURM_8364170_131/job-8364170-131-sub-21038-ses-2/ds/inputs/data/qsiprep/qsiprep/sub-21038/ses-2/dwi/sub-21038_ses-2_space-ACPC_desc-preproc_dwi.nii.gz	0.0	751.8685436685585	224.5898194053511	701.8017825320404	751.8685436685585	701.8017825320404	224.5898194053511	751.8685492704157	751.868602488059	sub-21038	ses-2				space-ACPC			DSIStudio	autotrackgqi
Association_CingulumL	am	TORTOISE_model-tensor	/scratch/executivefunction/SLURM_8364170_131/job-8364170-131-sub-21038-ses-2/ds/inputs/data/qsiprep/qsiprep/sub-21038/ses-2/dwi/sub-21038_ses-2_space-ACPC_desc-preproc_dwi.nii.gz	0.0	878.3516845703125	184.5509490966797	824.9111938476562	878.3516845703125	824.9111938476562	184.5509490966797	878.3516845703125	878.3517456054688	sub-21038	ses-2				space-ACPC			DSIStudio	autotrackgqi
Association_CingulumL	fa	TORTOISE_model-tensor	/scratch/executivefunction/SLURM_8364170_131/job-8364170-131-sub-21038-ses-2/ds/inputs/data/qsiprep/qsiprep/sub-21038/ses-2/dwi/sub-21038_ses-2_space-ACPC_desc-preproc_dwi.nii.gz	0.0	0.3440249367034866	0.1042978937782426	0.3396559816618797	0.3440249367034866	0.3396559816618797	0.1042978937782426	0.3440249392666722	0.3440249636169345	sub-21038	ses-2				space-ACPC			DSIStudio	autotrackgqi
Association_CingulumL	li	TORTOISE_model-tensor	/scratch/executivefunction/SLURM_8364170_131/job-8364170-131-sub-21038-ses-2/ds/inputs/data/qsiprep/qsiprep/sub-21038/ses-2/dwi/sub-21038_ses-2_space-ACPC_desc-preproc_dwi.nii.gz	0.0	0.1833822131156921	0.0653793066740036	0.1854991912841797	0.1833822131156921	0.1854991912841797	0.0653793066740036	0.1833821982145309	0.1833822131156921	sub-21038	ses-2				space-ACPC			DSIStudio	autotrackgqi
Association_CingulumL	rd	TORTOISE_model-tensor	/scratch/executivefunction/SLURM_8364170_131/job-8364170-131-sub-21038-ses-2/ds/inputs/data/qsiprep/qsiprep/sub-21038/ses-2/dwi/sub-21038_ses-2_space-ACPC_desc-preproc_dwi.nii.gz	0.0	450.36433142435567	138.88766351728933	394.8760252378858	450.36433142435567	394.8760252378858	138.88766351728933	450.3643347798314	450.36436665685096	sub-21038	ses-2				space-ACPC			DSIStudio	autotrackgqi
Association_InferiorFrontoOccipitalFasciculusR	ad	TORTOISE_model-tensor	/scratch/executivefunction/SLURM_8364170_131/job-8364170-131-sub-21038-ses-2/ds/inputs/data/qsiprep/qsiprep/sub-21038/ses-2/dwi/sub-21038_ses-2_space-ACPC_desc-preproc_dwi.nii.gz	0.0	879.5693254959104	299.0567556016533	798.8387259566277	879.5693254959104	798.8387259566277	299.0567556016533	941.1824842537516	941.1824842537516	sub-21038	ses-2				space-ACPC			DSIStudio	autotrackgqi
Association_InferiorFrontoOccipitalFasciculusR	am	TORTOISE_model-tensor	/scratch/executivefunction/SLURM_8364170_131/job-8364170-131-sub-21038-ses-2/ds/inputs/data/qsiprep/qsiprep/sub-21038/ses-2/dwi/sub-21038_ses-2_space-ACPC_desc-preproc_dwi.nii.gz	0.0	2008.591552734375	1732.9580078125	1115.066650390625	2008.591552734375	1115.066650390625	1732.9580078125	1479.89501953125	1479.89501953125	sub-21038	ses-2				space-ACPC			DSIStudio	autotrackgqi
Association_InferiorFrontoOccipitalFasciculusR	fa	TORTOISE_model-tensor	/scratch/executivefunction/SLURM_8364170_131/job-8364170-131-sub-21038-ses-2/ds/inputs/data/qsiprep/qsiprep/sub-21038/ses-2/dwi/sub-21038_ses-2_space-ACPC_desc-preproc_dwi.nii.gz	0.0	0.4597333312405778	0.2704221777578291	0.4723799767675998	0.4597333312405778	0.4723799767675998	0.2704221777578291	0.5418785843375435	0.5418785843375435	sub-21038	ses-2				space-ACPC			DSIStudio	autotrackgqi
Association_InferiorFrontoOccipitalFasciculusR	li	TORTOISE_model-tensor	/scratch/executivefunction/SLURM_8364170_131/job-8364170-131-sub-21038-ses-2/ds/inputs/data/qsiprep/qsiprep/sub-21038/ses-2/dwi/sub-21038_ses-2_space-ACPC_desc-preproc_dwi.nii.gz	0.0	0.3364558219909668	0.2483270466327667	0.2834747433662414	0.3364558219909668	0.2834747433662414	0.2483270466327667	0.411145269870758	0.411145269870758	sub-21038	ses-2				space-ACPC			DSIStudio	autotrackgqi
Association_InferiorFrontoOccipitalFasciculusR	rd	TORTOISE_model-tensor	/scratch/executivefunction/SLURM_8364170_131/job-8364170-131-sub-21038-ses-2/ds/inputs/data/qsiprep/qsiprep/sub-21038/ses-2/dwi/sub-21038_ses-2_space-ACPC_desc-preproc_dwi.nii.gz	0.0	403.6845759783428	239.66310504683588	334.392711487115	403.6845759783428	334.392711487115	239.66310504683588	369.7218976452365	369.7218976452365	sub-21038	ses-2				space-ACPC			DSIStudio	autotrackgqi
Association_MiddleLongitudinalFasciculusL	ad	TORTOISE_model-tensor	/scratch/executivefunction/SLURM_8364170_131/job-8364170-131-sub-21038-ses-2/ds/inputs/data/qsiprep/qsiprep/sub-21038/ses-2/dwi/sub-21038_ses-2_space-ACPC_desc-preproc_dwi.nii.gz	0.0	659.6107190883672	105.72937770437144	637.4119943792925	659.6107190883672	637.4119943792925	105.72937770437144	659.6107313745742	659.6107313745742	sub-21038	ses-2				space-ACPC			DSIStudio	autotrackgqi
Association_MiddleLongitudinalFasciculusL	am	TORTOISE_model-tensor	/scratch/executivefunction/SLURM_8364170_131/job-8364170-131-sub-21038-ses-2/ds/inputs/data/qsiprep/qsiprep/sub-21038/ses-2/dwi/sub-21038_ses-2_space-ACPC_desc-preproc_dwi.nii.gz	0.0	986.29248046875	381.0928039550781	778.2264404296875	986.29248046875	778.2264404296875	381.0928039550781	986.2925415039062	986.2925415039062	sub-21038	ses-2				space-ACPC			DSIStudio	autotrackgqi
Association_MiddleLongitudinalFasciculusL	fa	TORTOISE_model-tensor	/scratch/executivefunction/SLURM_8364170_131/job-8364170-131-sub-21038-ses-2/ds/inputs/data/qsiprep/qsiprep/sub-21038/ses-2/dwi/sub-21038_ses-2_space-ACPC_desc-preproc_dwi.nii.gz	0.0	0.3601014226463387	0.1220787559023331	0.368851331492109	0.3601014226463387	0.368851331492109	0.1220787559023331	0.3601014293537504	0.3601014293537504	sub-21038	ses-2				space-ACPC			DSIStudio	autotrackgqi
Association_MiddleLongitudinalFasciculusL	li	TORTOISE_model-tensor	/scratch/executivefunction/SLURM_8364170_131/job-8364170-131-sub-21038-ses-2/ds/inputs/data/qsiprep/qsiprep/sub-21038/ses-2/dwi/sub-21038_ses-2_space-ACPC_desc-preproc_dwi.nii.gz	0.0	0.2064981609582901	0.0827636793255806	0.2036039531230926	0.2064981609582901	0.2036039531230926	0.0827636793255806	0.2064981311559677	0.2064981311559677	sub-21038	ses-2				space-ACPC			DSIStudio	autotrackgqi
Association_MiddleLongitudinalFasciculusL	rd	TORTOISE_model-tensor	/scratch/executivefunction/SLURM_8364170_131/job-8364170-131-sub-21038-ses-2/ds/inputs/data/qsiprep/qsiprep/sub-21038/ses-2/dwi/sub-21038_ses-2_space-ACPC_desc-preproc_dwi.nii.gz	0.0	388.9170426138072	98.69907072397112	355.7458417215156	388.9170426138072	355.7458417215156	98.69907072397112	388.9170498579516	388.9170498579516	sub-21038	ses-2				space-ACPC			DSIStudio	autotrackgqi
Association_VerticalOccipitalFasciculusL	ad	TORTOISE_model-tensor	/scratch/executivefunction/SLURM_8364170_131/job-8364170-131-sub-21038-ses-2/ds/inputs/data/qsiprep/qsiprep/sub-21038/ses-2/dwi/sub-21038_ses-2_space-ACPC_desc-preproc_dwi.nii.gz	0.2	585.9140438718944	305.8999341070476	673.16047558426	732.392554839868	678.325582849852	98.43114970067283	585.914052602694	732.392554839868	sub-21038	ses-2				space-ACPC			DSIStudio	autotrackgqi
Association_VerticalOccipitalFasciculusL	am	TORTOISE_model-tensor	/scratch/executivefunction/SLURM_8364170_131/job-8364170-131-sub-21038-ses-2/ds/inputs/data/qsiprep/qsiprep/sub-21038/ses-2/dwi/sub-21038_ses-2_space-ACPC_desc-preproc_dwi.nii.gz	0.2	1415.4559326171875	1337.97509765625	1156.864501953125	1769.3199462890625	1450.2275390625	1269.4971923828125	1415.4560546875	1769.3199462890625	sub-21038	ses-2				space-ACPC			DSIStudio	autotrackgqi
Association_VerticalOccipitalFasciculusL	fa	TORTOISE_model-tensor	/scratch/executivefunction/SLURM_8364170_131/job-8364170-131-sub-21038-ses-2/ds/inputs/data/qsiprep/qsiprep/sub-21038/ses-2/dwi/sub-21038_ses-2_space-ACPC_desc-preproc_dwi.nii.gz	0.2	0.1573518620250338	0.082190898841436	0.1881194515585534	0.1966898275312923	0.2071650921611211	0.0265857511572659	0.1573518643697593	0.1966898275312923	sub-21038	ses-2				space-ACPC			DSIStudio	autotrackgqi
Association_VerticalOccipitalFasciculusL	li	TORTOISE_model-tensor	/scratch/executivefunction/SLURM_8364170_131/job-8364170-131-sub-21038-ses-2/ds/inputs/data/qsiprep/qsiprep/sub-21038/ses-2/dwi/sub-21038_ses-2_space-ACPC_desc-preproc_dwi.nii.gz	0.3	0.0793537721037864	0.0529169291257858	0.1032953336834907	0.1133625358343124	0.1202981546521186	0.0120402965694665	0.079353779554367	0.1133625283837318	sub-21038	ses-2				space-ACPC			DSIStudio	autotrackgqi
Association_VerticalOccipitalFasciculusL	rd	TORTOISE_model-tensor	/scratch/executivefunction/SLURM_8364170_131/job-8364170-131-sub-21038-ses-2/ds/inputs/data/qsiprep/qsiprep/sub-21038/ses-2/dwi/sub-21038_ses-2_space-ACPC_desc-preproc_dwi.nii.gz	0.2	427.2831727662013	225.53401516799124	500.7237594783944	534.1039659577516	513.9414373177334	80.79963308632546	427.2831791332167	534.1039659577516	sub-21038	ses-2				space-ACPC			DSIStudio	autotrackgqi
Association_FrontalAslantTractL	ad	TORTOISE_model-tensor	/scratch/executivefunction/SLURM_8364170_131/job-8364170-131-sub-21038-ses-2/ds/inputs/data/qsiprep/qsiprep/sub-21038/ses-2/dwi/sub-21038_ses-2_space-ACPC_desc-preproc_dwi.nii.gz	0.0	742.1120433599059	188.06196114151717	692.1269042430673	742.1120433599059	692.1269042430673	188.06196114151717	735.2197083783376	735.2197083783376	sub-21038	ses-2				space-ACPC			DSIStudio	autotrackgqi
Association_FrontalAslantTractL	am	TORTOISE_model-tensor	/scratch/executivefunction/SLURM_8364170_131/job-8364170-131-sub-21038-ses-2/ds/inputs/data/qsiprep/qsiprep/sub-21038/ses-2/dwi/sub-21038_ses-2_space-ACPC_desc-preproc_dwi.nii.gz	0.0	712.6690673828125	221.8130798339844	635.7606201171875	712.6690673828125	635.7606201171875	221.8130798339844	718.4285278320312	718.4285278320312	sub-21038	ses-2				space-ACPC			DSIStudio	autotrackgqi
Association_FrontalAslantTractL	fa	TORTOISE_model-tensor	/scratch/executivefunction/SLURM_8364170_131/job-8364170-131-sub-21038-ses-2/ds/inputs/data/qsiprep/qsiprep/sub-21038/ses-2/dwi/sub-21038_ses-2_space-ACPC_desc-preproc_dwi.nii.gz	0.0	0.3959947055946732	0.1368202437452141	0.4019273300752251	0.3959947055946732	0.4019273300752251	0.1368202437452141	0.3985339889798546	0.3985339889798546	sub-21038	ses-2				space-ACPC			DSIStudio	autotrackgqi
Association_FrontalAslantTractL	li	TORTOISE_model-tensor	/scratch/executivefunction/SLURM_8364170_131/job-8364170-131-sub-21038-ses-2/ds/inputs/data/qsiprep/qsiprep/sub-21038/ses-2/dwi/sub-21038_ses-2_space-ACPC_desc-preproc_dwi.nii.gz	0.0	0.2282987982034683	0.0971516445279121	0.2268925309181213	0.2282987982034683	0.2268925309181213	0.0971516445279121	0.2305001467466354	0.2305001467466354	sub-21038	ses-2				space-ACPC			DSIStudio	autotrackgqi
Association_FrontalAslantTractL	rd	TORTOISE_model-tensor	/scratch/executivefunction/SLURM_8364170_131/job-8364170-131-sub-21038-ses-2/ds/inputs/data/qsiprep/qsiprep/sub-21038/ses-2/dwi/sub-21038_ses-2_space-ACPC_desc-preproc_dwi.nii.gz	0.0	404.0530924931978	162.23373046682465	351.7273508653507	404.0530924931978	351.7273508653507	162.23373046682465	397.2542697657627	397.2542697657627	sub-21038	ses-2				space-ACPC			DSIStudio	autotrackgqi
Association_CingulumR	ad	TORTOISE_model-tensor	/scratch/executivefunction/SLURM_8364170_131/job-8364170-131-sub-21038-ses-2/ds/inputs/data/qsiprep/qsiprep/sub-21038/ses-2/dwi/sub-21038_ses-2_space-ACPC_desc-preproc_dwi.nii.gz	0.0	731.6223684628513	177.5728406040258	673.0617657463335	731.6223684628513	673.0617657463335	177.5728406040258	724.5997584987706	724.5997584987706	sub-21038	ses-2				space-ACPC			DSIStudio	autotrackgqi
Association_CingulumR	am	TORTOISE_model-tensor	/scratch/executivefunction/SLURM_8364170_131/job-8364170-131-sub-21038-ses-2/ds/inputs/data/qsiprep/qsiprep/sub-21038/ses-2/dwi/sub-21038_ses-2_space-ACPC_desc-preproc_dwi.nii.gz	0.0	1591.0626220703125	688.815673828125	1489.5711669921875	1591.0626220703125	1489.5711669921875	688.815673828125	1538.469970703125	1538.469970703125	sub-21038	ses-2				space-ACPC			DSIStudio	autotrackgqi
Association_CingulumR	fa	TORTOISE_model-tensor	/scratch/executivefunction/SLURM_8364170_131/job-8364170-131-sub-21038-ses-2/ds/inputs/data/qsiprep/qsiprep/sub-21038/ses-2/dwi/sub-21038_ses-2_space-ACPC_desc-preproc_dwi.nii.gz	0.0	0.290928470833127	0.2001824362641067	0.2037203143640214	0.290928470833127	0.2037203143640214	0.2001824362641067	0.3121422747248499	0.3121422747248499	sub-21038	ses-2				space-ACPC			DSIStudio	autotrackgqi
Association_CingulumR	li	TORTOISE_model-tensor	/scratch/executivefunction/SLURM_8364170_131/job-8364170-131-sub-21038-ses-2/ds/inputs/data/qsiprep/qsiprep/sub-21038/ses-2/dwi/sub-21038_ses-2_space-ACPC_desc-preproc_dwi.nii.gz	0.0	0.1921333521604538	0.1770857870578766	0.1155991330742836	0.1921333521604538	0.1155991330742836	0.1770857870578766	0.2074427902698516	0.2074427902698516	sub-21038	ses-2				space-ACPC			DSIStudio	autotrackgqi
Association_CingulumR	rd	TORTOISE_model-tensor	/scratch/executivefunction/SLURM_8364170_131/job-8364170-131-sub-21038-ses-2/ds/inputs/data/qsiprep/qsiprep/sub-21038/ses-2/dwi/sub-21038_ses-2_space-ACPC_desc-preproc_dwi.nii.gz	0.0	448.5312071354391	112.4408402294448	468.3072178125667	448.5312071354391	468.3072178125667	112.4408402294448	433.0032403664269	433.0032403664269	sub-21038	ses-2				space-ACPC			DSIStudio	autotrackgqi
Association_SuperiorLongitudinalFasciculusL	ad	TORTOISE_model-tensor	/scratch/executivefunction/SLURM_8364170_131/job-8364170-131-sub-21038-ses-2/ds/inputs/data/qsiprep/qsiprep/sub-21038/ses-2/dwi/sub-21038_ses-2_space-ACPC_desc-preproc_dwi.nii.gz	0.0	676.150296365398	162.49722084436195	633.3305702293917	676.150296365398	633.3305702293917	162.49722084436195	634.5618318315674	634.5618318315674	sub-21038	ses-2				space-ACPC			DSIStudio	autotrackgqi
Association_SuperiorLongitudinalFasciculusL	am	TORTOISE_model-tensor	/scratch/executivefunction/SLURM_8364170_131/job-8364170-131-sub-21038-ses-2/ds/inputs/data/qsiprep/qsiprep/sub-21038/ses-2/dwi/sub-21038_ses-2_space-ACPC_desc-preproc_dwi.nii.gz	0.0	1243.9659423828125	480.3292236328125	1134.592041015625	1243.9659423828125	1134.592041015625	480.3292236328125	1191.879638671875	1191.879638671875	sub-21038	ses-2				space-ACPC			DSIStudio	autotrackgqi
Association_SuperiorLongitudinalFasciculusL	fa	TORTOISE_model-tensor	/scratch/executivefunction/SLURM_8364170_131/job-8364170-131-sub-21038-ses-2/ds/inputs/data/qsiprep/qsiprep/sub-21038/ses-2/dwi/sub-21038_ses-2_space-ACPC_desc-preproc_dwi.nii.gz	0.0	0.2652710262721141	0.1035053974060552	0.2367313190725047	0.2652710262721141	0.2367313190725047	0.1035053974060552	0.281435770562555	0.281435770562555	sub-21038	ses-2				space-ACPC			DSIStudio	autotrackgqi
Association_SuperiorLongitudinalFasciculusL	li	TORTOISE_model-tensor	/scratch/executivefunction/SLURM_8364170_131/job-8364170-131-sub-21038-ses-2/ds/inputs/data/qsiprep/qsiprep/sub-21038/ses-2/dwi/sub-21038_ses-2_space-ACPC_desc-preproc_dwi.nii.gz	0.0	0.1434158980846405	0.0667961537837982	0.1251752376556396	0.1434158980846405	0.1251752376556396	0.0667961537837982	0.1561056673526764	0.1561056673526764	sub-21038	ses-2				space-ACPC			DSIStudio	autotrackgqi
Association_SuperiorLongitudinalFasciculusL	rd	TORTOISE_model-tensor	/scratch/executivefunction/SLURM_8364170_131/job-8364170-131-sub-21038-ses-2/ds/inputs/data/qsiprep/qsiprep/sub-21038/ses-2/dwi/sub-21038_ses-2_space-ACPC_desc-preproc_dwi.nii.gz	0.0	458.9309943392535	127.44115758582912	445.9748875380701	458.9309943392535	445.9748875380701	127.44115758582912	427.6628737911595	427.6628737911595	sub-21038	ses-2				space-ACPC			DSIStudio	autotrackgqi
Association_SuperiorLongitudinalFasciculusR	ad	TORTOISE_model-tensor	/scratch/executivefunction/SLURM_8364170_131/job-8364170-131-sub-21038-ses-2/ds/inputs/data/qsiprep/qsiprep/sub-21038/ses-2/dwi/sub-21038_ses-2_space-ACPC_desc-preproc_dwi.nii.gz	0.0	721.0324055226148	127.6872774456766	690.1506775000319	721.0324055226148	690.1506775000319	127.6872774456766	717.8814233982686	717.8814233982686	sub-21038	ses-2				space-ACPC			DSIStudio	autotrackgqi
Association_SuperiorLongitudinalFasciculusR	am	TORTOISE_model-tensor	/scratch/executivefunction/SLURM_8364170_131/job-8364170-131-sub-21038-ses-2/ds/inputs/data/qsiprep/qsiprep/sub-21038/ses-2/dwi/sub-21038_ses-2_space-ACPC_desc-preproc_dwi.nii.gz	0.0	1825.1700439453125	570.9944458007812	1757.8876953125	1825.1700439453125	1757.8876953125	570.9944458007812	2129.29443359375	2129.29443359375	sub-21038	ses-2				space-ACPC			DSIStudio	autotrackgqi
Association_SuperiorLongitudinalFasciculusR	fa	TORTOISE_model-tensor	/scratch/executivefunction/SLURM_8364170_131/job-8364170-131-sub-21038-ses-2/ds/inputs/data/qsiprep/qsiprep/sub-21038/ses-2/dwi/sub-21038_ses-2_space-ACPC_desc-preproc_dwi.nii.gz	0.0	0.2120265854052558	0.1088383669916951	0.1848236534327147	0.2120265854052558	0.1848236534327147	0.1088383669916951	0.195931057180397	0.195931057180397	sub-21038	ses-2				space-ACPC			DSIStudio	autotrackgqi
Association_SuperiorLongitudinalFasciculusR	li	TORTOISE_model-tensor	/scratch/executivefunction/SLURM_8364170_131/job-8364170-131-sub-21038-ses-2/ds/inputs/data/qsiprep/qsiprep/sub-21038/ses-2/dwi/sub-21038_ses-2_space-ACPC_desc-preproc_dwi.nii.gz	0.0	0.1225353702902793	0.0848577618598938	0.0987309888005256	0.1225353702902793	0.0987309888005256	0.0848577618598938	0.108276829123497	0.108276829123497	sub-21038	ses-2				space-ACPC			DSIStudio	autotrackgqi
Association_SuperiorLongitudinalFasciculusR	rd	TORTOISE_model-tensor	/scratch/executivefunction/SLURM_8364170_131/job-8364170-131-sub-21038-ses-2/ds/inputs/data/qsiprep/qsiprep/sub-21038/ses-2/dwi/sub-21038_ses-2_space-ACPC_desc-preproc_dwi.nii.gz	0.0	519.7053770534027	118.53038564880482	507.8753821139291	519.7053770534027	507.8753821139291	118.53038564880482	528.797905713101	528.797905713101	sub-21038	ses-2				space-ACPC			DSIStudio	autotrackgqi
Association_VerticalOccipitalFasciculusR	ad	TORTOISE_model-tensor	/scratch/executivefunction/SLURM_8364170_131/job-8364170-131-sub-21038-ses-2/ds/inputs/data/qsiprep/qsiprep/sub-21038/ses-2/dwi/sub-21038_ses-2_space-ACPC_desc-preproc_dwi.nii.gz	0.0465116279069767	619.3990950000639	208.26108982897924	640.9739937194051	649.613685000067	644.4214719243519	160.81234700374992	624.9093096675222	649.6453204513352	sub-21038	ses-2				space-ACPC			DSIStudio	autotrackgqi
Association_VerticalOccipitalFasciculusR	am	TORTOISE_model-tensor	/scratch/executivefunction/SLURM_8364170_131/job-8364170-131-sub-21038-ses-2/ds/inputs/data/qsiprep/qsiprep/sub-21038/ses-2/dwi/sub-21038_ses-2_space-ACPC_desc-preproc_dwi.nii.gz	0.0465116279069767	3945.403076171875	2544.771728515625	4192.12939453125	4137.86181640625	4377.4619140625	2448.548828125	4223.28515625	4390.45703125	sub-21038	ses-2				space-ACPC			DSIStudio	autotrackgqi
Association_VerticalOccipitalFasciculusR	fa	TORTOISE_model-tensor	/scratch/executivefunction/SLURM_8364170_131/job-8364170-131-sub-21038-ses-2/ds/inputs/data/qsiprep/qsiprep/sub-21038/ses-2/dwi/sub-21038_ses-2_space-ACPC_desc-preproc_dwi.nii.gz	0.0465116279069767	0.1774809537727773	0.0948264056460598	0.1705185893724279	0.1861385612738884	0.1751201163173509	0.0884260654591101	0.1647912641270826	0.1713142565042821	sub-21038	ses-2				space-ACPC			DSIStudio	autotrackgqi
Association_VerticalOccipitalFasciculusR	li	TORTOISE_model-tensor	/scratch/executivefunction/SLURM_8364170_131/job-8364170-131-sub-21038-ses-2/ds/inputs/data/qsiprep/qsiprep/sub-21038/ses-2/dwi/sub-21038_ses-2_space-ACPC_desc-preproc_dwi.nii.gz	0.0465116279069767	0.0849601328372955	0.0409148968756198	0.0852338969707489	0.089104525744915	0.0870140194892883	0.0372344516217708	0.0815267041325569	0.0847538113594055	sub-21038	ses-2				space-ACPC			DSIStudio	autotrackgqi
Association_VerticalOccipitalFasciculusR	rd	TORTOISE_model-tensor	/scratch/executivefunction/SLURM_8364170_131/job-8364170-131-sub-21038-ses-2/ds/inputs/data/qsiprep/qsiprep/sub-21038/ses-2/dwi/sub-21038_ses-2_space-ACPC_desc-preproc_dwi.nii.gz	0.0465116279069767	471.1158927702959	164.22269239283384	485.4759639667352	494.0971558322616	489.32621237817386	130.11410944937367	482.4393401866315	501.5359105398017	sub-21038	ses-2				space-ACPC			DSIStudio	autotrackgqi
Association_ExtremeCapsuleL	ad	TORTOISE_model-tensor	/scratch/executivefunction/SLURM_8364170_131/job-8364170-131-sub-21038-ses-2/ds/inputs/data/qsiprep/qsiprep/sub-21038/ses-2/dwi/sub-21038_ses-2_space-ACPC_desc-preproc_dwi.nii.gz	0.0	732.8521312752848	214.32037458515137	645.806559938591	732.8521312752848	645.806559938591	214.32037458515137	684.1574015138403	684.1574015138403	sub-21038	ses-2				space-ACPC			DSIStudio	autotrackgqi
Association_ExtremeCapsuleL	am	TORTOISE_model-tensor	/scratch/executivefunction/SLURM_8364170_131/job-8364170-131-sub-21038-ses-2/ds/inputs/data/qsiprep/qsiprep/sub-21038/ses-2/dwi/sub-21038_ses-2_space-ACPC_desc-preproc_dwi.nii.gz	0.0	791.5701293945312	250.3451995849609	708.6702270507812	791.5701293945312	708.6702270507812	250.3451995849609	707.9119873046875	707.9119873046875	sub-21038	ses-2				space-ACPC			DSIStudio	autotrackgqi
Association_ExtremeCapsuleL	fa	TORTOISE_model-tensor	/scratch/executivefunction/SLURM_8364170_131/job-8364170-131-sub-21038-ses-2/ds/inputs/data/qsiprep/qsiprep/sub-21038/ses-2/dwi/sub-21038_ses-2_space-ACPC_desc-preproc_dwi.nii.gz	0.0	0.3764805412856259	0.1431207320450527	0.3510742718485747	0.3764805412856259	0.3510742718485747	0.1431207320450527	0.4144241399787218	0.4144241399787218	sub-21038	ses-2				space-ACPC			DSIStudio	autotrackgqi
Association_ExtremeCapsuleL	li	TORTOISE_model-tensor	/scratch/executivefunction/SLURM_8364170_131/job-8364170-131-sub-21038-ses-2/ds/inputs/data/qsiprep/qsiprep/sub-21038/ses-2/dwi/sub-21038_ses-2_space-ACPC_desc-preproc_dwi.nii.gz	0.0	0.2197674661874771	0.0986827760934829	0.2033479213714599	0.2197674661874771	0.2033479213714599	0.0986827760934829	0.2461291551589965	0.2461291551589965	sub-21038	ses-2				space-ACPC			DSIStudio	autotrackgqi
Association_ExtremeCapsuleL	rd	TORTOISE_model-tensor	/scratch/executivefunction/SLURM_8364170_131/job-8364170-131-sub-21038-ses-2/ds/inputs/data/qsiprep/qsiprep/sub-21038/ses-2/dwi/sub-21038_ses-2_space-ACPC_desc-preproc_dwi.nii.gz	0.0	420.084446307742	200.41451052233427	361.5762042694145	420.084446307742	361.5762042694145	200.41451052233427	358.5067839931563	358.5067839931563	sub-21038	ses-2				space-ACPC			DSIStudio	autotrackgqi
Association_MiddleLongitudinalFasciculusR	ad	TORTOISE_model-tensor	/scratch/executivefunction/SLURM_8364170_131/job-8364170-131-sub-21038-ses-2/ds/inputs/data/qsiprep/qsiprep/sub-21038/ses-2/dwi/sub-21038_ses-2_space-ACPC_desc-preproc_dwi.nii.gz	0.0	702.5451751009626	105.97997689630483	680.979566624151	702.5451751009626	680.979566624151	105.97997689630483	694.5787275505606	694.5787275505606	sub-21038	ses-2				space-ACPC			DSIStudio	autotrackgqi
Association_MiddleLongitudinalFasciculusR	am	TORTOISE_model-tensor	/scratch/executivefunction/SLURM_8364170_131/job-8364170-131-sub-21038-ses-2/ds/inputs/data/qsiprep/qsiprep/sub-21038/ses-2/dwi/sub-21038_ses-2_space-ACPC_desc-preproc_dwi.nii.gz	0.0	2041.577392578125	928.0624389648438	1776.64501953125	2041.577392578125	1776.64501953125	928.0624389648438	2060.827392578125	2060.827392578125	sub-21038	ses-2				space-ACPC			DSIStudio	autotrackgqi
Association_MiddleLongitudinalFasciculusR	fa	TORTOISE_model-tensor	/scratch/executivefunction/SLURM_8364170_131/job-8364170-131-sub-21038-ses-2/ds/inputs/data/qsiprep/qsiprep/sub-21038/ses-2/dwi/sub-21038_ses-2_space-ACPC_desc-preproc_dwi.nii.gz	0.0	0.217878011796357	0.1162431509258235	0.1956330032516825	0.217878011796357	0.1956330032516825	0.1162431509258235	0.2030811501824359	0.2030811501824359	sub-21038	ses-2				space-ACPC			DSIStudio	autotrackgqi
Association_MiddleLongitudinalFasciculusR	li	TORTOISE_model-tensor	/scratch/executivefunction/SLURM_8364170_131/job-8364170-131-sub-21038-ses-2/ds/inputs/data/qsiprep/qsiprep/sub-21038/ses-2/dwi/sub-21038_ses-2_space-ACPC_desc-preproc_dwi.nii.gz	0.0	0.1280818730592727	0.1003918498754501	0.1070264279842376	0.1280818730592727	0.1070264279842376	0.1003918498754501	0.1131335198879242	0.1131335198879242	sub-21038	ses-2				space-ACPC			DSIStudio	autotrackgqi
Association_MiddleLongitudinalFasciculusR	rd	TORTOISE_model-tensor	/scratch/executivefunction/SLURM_8364170_131/job-8364170-131-sub-21038-ses-2/ds/inputs/data/qsiprep/qsiprep/sub-21038/ses-2/dwi/sub-21038_ses-2_space-ACPC_desc-preproc_dwi.nii.gz	0.0	497.92523866449216	86.79630424799679	492.792871445604	497.92523866449216	492.792871445604	86.79630424799679	504.9326878160721	504.9326878160721	sub-21038	ses-2				space-ACPC			DSIStudio	autotrackgqi
Association_InferiorLongitudinalFasciculusR	ad	TORTOISE_model-tensor	/scratch/executivefunction/SLURM_8364170_131/job-8364170-131-sub-21038-ses-2/ds/inputs/data/qsiprep/qsiprep/sub-21038/ses-2/dwi/sub-21038_ses-2_space-ACPC_desc-preproc_dwi.nii.gz	0.0444444444444444	645.0412733216016	177.65278399373784	651.0801009875001	675.0431930109784	656.0668315735616	113.03030908595834	636.2356275354216	650.3277525316495	sub-21038	ses-2				space-ACPC			DSIStudio	autotrackgqi
Association_InferiorLongitudinalFasciculusR	am	TORTOISE_model-tensor	/scratch/executivefunction/SLURM_8364170_131/job-8364170-131-sub-21038-ses-2/ds/inputs/data/qsiprep/qsiprep/sub-21038/ses-2/dwi/sub-21038_ses-2_space-ACPC_desc-preproc_dwi.nii.gz	0.0444444444444444	3391.34765625	1941.7119140625	3045.4462890625	3549.084716796875	3237.324951171875	1840.0496826171875	4117.78515625	4208.99072265625	sub-21038	ses-2				space-ACPC			DSIStudio	autotrackgqi
Association_InferiorLongitudinalFasciculusR	fa	TORTOISE_model-tensor	/scratch/executivefunction/SLURM_8364170_131/job-8364170-131-sub-21038-ses-2/ds/inputs/data/qsiprep/qsiprep/sub-21038/ses-2/dwi/sub-21038_ses-2_space-ACPC_desc-preproc_dwi.nii.gz	0.0444444444444444	0.2270803093223112	0.152804379267732	0.1928191942183735	0.2376421841745117	0.1964782242585052	0.1480717380483312	0.2089950527654668	0.213624130638411	sub-21038	ses-2				space-ACPC			DSIStudio	autotrackgqi
Association_InferiorLongitudinalFasciculusR	li	TORTOISE_model-tensor	/scratch/executivefunction/SLURM_8364170_131/job-8364170-131-sub-21038-ses-2/ds/inputs/data/qsiprep/qsiprep/sub-21038/ses-2/dwi/sub-21038_ses-2_space-ACPC_desc-preproc_dwi.nii.gz	0.0444444444444444	0.1320886462926864	0.1202902346849441	0.1038417592644691	0.1382323056459427	0.1075750365853309	0.1195554211735725	0.1157435402274131	0.1183071732521057	sub-21038	ses-2				space-ACPC			DSIStudio	autotrackgqi
Association_InferiorLongitudinalFasciculusR	rd	TORTOISE_model-tensor	/scratch/executivefunction/SLURM_8364170_131/job-8364170-131-sub-21038-ses-2/ds/inputs/data/qsiprep/qsiprep/sub-21038/ses-2/dwi/sub-21038_ses-2_space-ACPC_desc-preproc_dwi.nii.gz	0.0444444444444444	444.2804884205794	125.71069897610528	475.8391017658624	464.9446971843273	480.3022456514491	83.24960763375947	458.3255045171514	468.4770586138627	sub-21038	ses-2				space-ACPC			DSIStudio	autotrackgqi
Association_FrontalAslantTractR	ad	TORTOISE_model-tensor	/scratch/executivefunction/SLURM_8364170_131/job-8364170-131-sub-21038-ses-2/ds/inputs/data/qsiprep/qsiprep/sub-21038/ses-2/dwi/sub-21038_ses-2_space-ACPC_desc-preproc_dwi.nii.gz	0.0	675.3985550090129	95.01453343000772	663.3305105066984	675.3985550090129	663.3305105066984	95.01453343000772	664.876410503461	664.876410503461	sub-21038	ses-2				space-ACPC			DSIStudio	autotrackgqi
Association_FrontalAslantTractR	am	TORTOISE_model-tensor	/scratch/executivefunction/SLURM_8364170_131/job-8364170-131-sub-21038-ses-2/ds/inputs/data/qsiprep/qsiprep/sub-21038/ses-2/dwi/sub-21038_ses-2_space-ACPC_desc-preproc_dwi.nii.gz	0.0	1114.6171875	314.3210144042969	1058.073486328125	1114.6171875	1058.073486328125	314.3210144042969	1054.8494873046875	1054.8494873046875	sub-21038	ses-2				space-ACPC			DSIStudio	autotrackgqi
Association_FrontalAslantTractR	fa	TORTOISE_model-tensor	/scratch/executivefunction/SLURM_8364170_131/job-8364170-131-sub-21038-ses-2/ds/inputs/data/qsiprep/qsiprep/sub-21038/ses-2/dwi/sub-21038_ses-2_space-ACPC_desc-preproc_dwi.nii.gz	0.0	0.1895584186395682	0.0430270534100947	0.1906005359259327	0.1895584186395682	0.1906005359259327	0.0430270534100947	0.1946588856577633	0.1946588856577633	sub-21038	ses-2				space-ACPC			DSIStudio	autotrackgqi
Association_FrontalAslantTractR	li	TORTOISE_model-tensor	/scratch/executivefunction/SLURM_8364170_131/job-8364170-131-sub-21038-ses-2/ds/inputs/data/qsiprep/qsiprep/sub-21038/ses-2/dwi/sub-21038_ses-2_space-ACPC_desc-preproc_dwi.nii.gz	0.0	0.1031403467059135	0.0236159581691026	0.1083130836486816	0.1031403467059135	0.1083130836486816	0.0236159581691026	0.1072159707546234	0.1072159707546234	sub-21038	ses-2				space-ACPC			DSIStudio	autotrackgqi
Association_FrontalAslantTractR	rd	TORTOISE_model-tensor	/scratch/executivefunction/SLURM_8364170_131/job-8364170-131-sub-21038-ses-2/ds/inputs/data/qsiprep/qsiprep/sub-21038/ses-2/dwi/sub-21038_ses-2_space-ACPC_desc-preproc_dwi.nii.gz	0.0	502.0520006434716	86.60746070708313	473.43411340658326	502.0520006434716	473.43411340658326	86.60746070708313	486.3409398531699	486.3409398531699	sub-21038	ses-2				space-ACPC			DSIStudio	autotrackgqi
Association_InferiorLongitudinalFasciculusL	ad	TORTOISE_model-tensor	/scratch/executivefunction/SLURM_8364170_131/job-8364170-131-sub-21038-ses-2/ds/inputs/data/qsiprep/qsiprep/sub-21038/ses-2/dwi/sub-21038_ses-2_space-ACPC_desc-preproc_dwi.nii.gz	0.0	651.8533689245388	133.8979194289713	624.0624367123719	651.8533689245388	624.0624367123719	133.8979194289713	621.5805895779872	621.5805895779872	sub-21038	ses-2				space-ACPC			DSIStudio	autotrackgqi
Association_InferiorLongitudinalFasciculusL	am	TORTOISE_model-tensor	/scratch/executivefunction/SLURM_8364170_131/job-8364170-131-sub-21038-ses-2/ds/inputs/data/qsiprep/qsiprep/sub-21038/ses-2/dwi/sub-21038_ses-2_space-ACPC_desc-preproc_dwi.nii.gz	0.0	1728.1060791015625	742.4078369140625	1586.394775390625	1728.1060791015625	1586.394775390625	742.4078369140625	1526.302734375	1526.302734375	sub-21038	ses-2				space-ACPC			DSIStudio	autotrackgqi
Association_InferiorLongitudinalFasciculusL	fa	TORTOISE_model-tensor	/scratch/executivefunction/SLURM_8364170_131/job-8364170-131-sub-21038-ses-2/ds/inputs/data/qsiprep/qsiprep/sub-21038/ses-2/dwi/sub-21038_ses-2_space-ACPC_desc-preproc_dwi.nii.gz	0.0	0.2457392893685162	0.0913436060892577	0.222253329428037	0.2457392893685162	0.222253329428037	0.0913436060892577	0.2571206632034026	0.2571206632034026	sub-21038	ses-2				space-ACPC			DSIStudio	autotrackgqi
Association_InferiorLongitudinalFasciculusL	li	TORTOISE_model-tensor	/scratch/executivefunction/SLURM_8364170_131/job-8364170-131-sub-21038-ses-2/ds/inputs/data/qsiprep/qsiprep/sub-21038/ses-2/dwi/sub-21038_ses-2_space-ACPC_desc-preproc_dwi.nii.gz	0.0	0.1339773088693618	0.0573348514735698	0.1244739145040512	0.1339773088693618	0.1244739145040512	0.0573348514735698	0.1396515071392059	0.1396515071392059	sub-21038	ses-2				space-ACPC			DSIStudio	autotrackgqi
Association_InferiorLongitudinalFasciculusL	rd	TORTOISE_model-tensor	/scratch/executivefunction/SLURM_8364170_131/job-8364170-131-sub-21038-ses-2/ds/inputs/data/qsiprep/qsiprep/sub-21038/ses-2/dwi/sub-21038_ses-2_space-ACPC_desc-preproc_dwi.nii.gz	0.0	453.75319425372686	104.20109536921495	448.8001406073111	453.75319425372686	448.8001406073111	104.20109536921495	432.5017200478151	432.5017200478151	sub-21038	ses-2				space-ACPC			DSIStudio	autotrackgqi
Association_UncinateFasciculusL	ad	TORTOISE_model-tensor	/scratch/executivefunction/SLURM_8364170_131/job-8364170-131-sub-21038-ses-2/ds/inputs/data/qsiprep/qsiprep/sub-21038/ses-2/dwi/sub-21038_ses-2_space-ACPC_desc-preproc_dwi.nii.gz	0.0	886.5472370885907	261.11507704938896	847.6619172217285	886.5472370885907	847.6619172217285	261.11507704938896	922.4616490043232	922.4615426109018	sub-21038	ses-2				space-ACPC			DSIStudio	autotrackgqi
Association_UncinateFasciculusL	am	TORTOISE_model-tensor	/scratch/executivefunction/SLURM_8364170_131/job-8364170-131-sub-21038-ses-2/ds/inputs/data/qsiprep/qsiprep/sub-21038/ses-2/dwi/sub-21038_ses-2_space-ACPC_desc-preproc_dwi.nii.gz	0.0	910.2400512695312	276.0095520019531	853.46337890625	910.2400512695312	853.46337890625	276.0095520019531	949.777099609375	949.7769165039062	sub-21038	ses-2				space-ACPC			DSIStudio	autotrackgqi
Association_UncinateFasciculusL	fa	TORTOISE_model-tensor	/scratch/executivefunction/SLURM_8364170_131/job-8364170-131-sub-21038-ses-2/ds/inputs/data/qsiprep/qsiprep/sub-21038/ses-2/dwi/sub-21038_ses-2_space-ACPC_desc-preproc_dwi.nii.gz	0.0	0.3079275174366933	0.1409209967849165	0.3062067211955746	0.3079275174366933	0.3062067211955746	0.1409209967849165	0.296668686893434	0.296668652796873	sub-21038	ses-2				space-ACPC			DSIStudio	autotrackgqi
Association_UncinateFasciculusL	li	TORTOISE_model-tensor	/scratch/executivefunction/SLURM_8364170_131/job-8364170-131-sub-21038-ses-2/ds/inputs/data/qsiprep/qsiprep/sub-21038/ses-2/dwi/sub-21038_ses-2_space-ACPC_desc-preproc_dwi.nii.gz	0.0	0.1611280888319015	0.0869609415531158	0.1542028188705444	0.1611280888319015	0.1542028188705444	0.0869609415531158	0.1495364755392074	0.149536445736885	sub-21038	ses-2				space-ACPC			DSIStudio	autotrackgqi
Association_UncinateFasciculusL	rd	TORTOISE_model-tensor	/scratch/executivefunction/SLURM_8364170_131/job-8364170-131-sub-21038-ses-2/ds/inputs/data/qsiprep/qsiprep/sub-21038/ses-2/dwi/sub-21038_ses-2_space-ACPC_desc-preproc_dwi.nii.gz	0.0	565.8316394524301	251.07686251973604	506.0701450471927	565.8316394524301	506.0701450471927	251.07686251973604	591.748210805547	591.7481424802235	sub-21038	ses-2				space-ACPC			DSIStudio	autotrackgqi
Association_ParietalAslantTractL	ad	TORTOISE_model-tensor	/scratch/executivefunction/SLURM_8364170_131/job-8364170-131-sub-21038-ses-2/ds/inputs/data/qsiprep/qsiprep/sub-21038/ses-2/dwi/sub-21038_ses-2_space-ACPC_desc-preproc_dwi.nii.gz	0.0	622.7263567283579	68.26798118940692	613.6408623407024	622.7263567283579	613.6408623407024	68.26798118940692	615.9410207027698	615.9410207027698	sub-21038	ses-2				space-ACPC			DSIStudio	autotrackgqi
Association_ParietalAslantTractL	am	TORTOISE_model-tensor	/scratch/executivefunction/SLURM_8364170_131/job-8364170-131-sub-21038-ses-2/ds/inputs/data/qsiprep/qsiprep/sub-21038/ses-2/dwi/sub-21038_ses-2_space-ACPC_desc-preproc_dwi.nii.gz	0.0	1355.935302734375	396.9962158203125	1279.8519287109375	1355.935302734375	1279.8519287109375	396.9962158203125	1387.3731689453125	1387.3731689453125	sub-21038	ses-2				space-ACPC			DSIStudio	autotrackgqi
Association_ParietalAslantTractL	fa	TORTOISE_model-tensor	/scratch/executivefunction/SLURM_8364170_131/job-8364170-131-sub-21038-ses-2/ds/inputs/data/qsiprep/qsiprep/sub-21038/ses-2/dwi/sub-21038_ses-2_space-ACPC_desc-preproc_dwi.nii.gz	0.0	0.2211818577679394	0.0704072175997762	0.2101279224386572	0.2211818577679394	0.2101279224386572	0.0704072175997762	0.2203584250275455	0.2203584250275455	sub-21038	ses-2				space-ACPC			DSIStudio	autotrackgqi
Association_ParietalAslantTractL	li	TORTOISE_model-tensor	/scratch/executivefunction/SLURM_8364170_131/job-8364170-131-sub-21038-ses-2/ds/inputs/data/qsiprep/qsiprep/sub-21038/ses-2/dwi/sub-21038_ses-2_space-ACPC_desc-preproc_dwi.nii.gz	0.0	0.1131440252065658	0.039069939404726	0.1095514297485351	0.1131440252065658	0.1095514297485351	0.039069939404726	0.1124264001846313	0.1124264001846313	sub-21038	ses-2				space-ACPC			DSIStudio	autotrackgqi
Association_ParietalAslantTractL	rd	TORTOISE_model-tensor	/scratch/executivefunction/SLURM_8364170_131/job-8364170-131-sub-21038-ses-2/ds/inputs/data/qsiprep/qsiprep/sub-21038/ses-2/dwi/sub-21038_ses-2_space-ACPC_desc-preproc_dwi.nii.gz	0.0	449.34656853946063	64.67397081464297	448.155489215515	449.34656853946063	448.155489215515	64.67397081464297	449.3425685169352	449.3425685169352	sub-21038	ses-2				space-ACPC			DSIStudio	autotrackgqi
Association_ExtremeCapsuleR	ad	TORTOISE_model-tensor	/scratch/executivefunction/SLURM_8364170_131/job-8364170-131-sub-21038-ses-2/ds/inputs/data/qsiprep/qsiprep/sub-21038/ses-2/dwi/sub-21038_ses-2_space-ACPC_desc-preproc_dwi.nii.gz	0.0	763.2138551251709	157.145289315233	721.5752931498264	763.2138551251709	721.5752931498264	157.145289315233	787.6446241876365	787.6446241876365	sub-21038	ses-2				space-ACPC			DSIStudio	autotrackgqi
Association_ExtremeCapsuleR	am	TORTOISE_model-tensor	/scratch/executivefunction/SLURM_8364170_131/job-8364170-131-sub-21038-ses-2/ds/inputs/data/qsiprep/qsiprep/sub-21038/ses-2/dwi/sub-21038_ses-2_space-ACPC_desc-preproc_dwi.nii.gz	0.0	1733.7109375	566.4124145507812	1683.6099853515625	1733.7109375	1683.6099853515625	566.4124145507812	1798.3079833984375	1798.3079833984375	sub-21038	ses-2				space-ACPC			DSIStudio	autotrackgqi
Association_ExtremeCapsuleR	fa	TORTOISE_model-tensor	/scratch/executivefunction/SLURM_8364170_131/job-8364170-131-sub-21038-ses-2/ds/inputs/data/qsiprep/qsiprep/sub-21038/ses-2/dwi/sub-21038_ses-2_space-ACPC_desc-preproc_dwi.nii.gz	0.0	0.2335428561545219	0.1522559014709454	0.1958399125637593	0.2335428561545219	0.1958399125637593	0.1522559014709454	0.2221437610551372	0.2221437610551372	sub-21038	ses-2				space-ACPC			DSIStudio	autotrackgqi
Association_ExtremeCapsuleR	li	TORTOISE_model-tensor	/scratch/executivefunction/SLURM_8364170_131/job-8364170-131-sub-21038-ses-2/ds/inputs/data/qsiprep/qsiprep/sub-21038/ses-2/dwi/sub-21038_ses-2_space-ACPC_desc-preproc_dwi.nii.gz	0.0	0.1441988050937652	0.1333376169204712	0.1071619540452957	0.1441988050937652	0.1071619540452957	0.1333376169204712	0.1321782916784286	0.1321782916784286	sub-21038	ses-2				space-ACPC			DSIStudio	autotrackgqi
Association_ExtremeCapsuleR	rd	TORTOISE_model-tensor	/scratch/executivefunction/SLURM_8364170_131/job-8364170-131-sub-21038-ses-2/ds/inputs/data/qsiprep/qsiprep/sub-21038/ses-2/dwi/sub-21038_ses-2_space-ACPC_desc-preproc_dwi.nii.gz	0.0	520.3565170549012	127.39628255283414	514.8310015341556	520.3565170549012	514.8310015341556	127.39628255283414	549.1959624143446	549.1959624143446	sub-21038	ses-2				space-ACPC			DSIStudio	autotrackgqi
Association_ParietalAslantTractR	ad	TORTOISE_model-tensor	/scratch/executivefunction/SLURM_8364170_131/job-8364170-131-sub-21038-ses-2/ds/inputs/data/qsiprep/qsiprep/sub-21038/ses-2/dwi/sub-21038_ses-2_space-ACPC_desc-preproc_dwi.nii.gz	0.0286396181384248	679.2881859544257	197.24897685555365	691.4773098098792	699.3163388572589	693.7695147827433	161.39480824289095	711.1032049001774	721.1328263924528	sub-21038	ses-2				space-ACPC			DSIStudio	autotrackgqi
Association_ParietalAslantTractR	am	TORTOISE_model-tensor	/scratch/executivefunction/SLURM_8364170_131/job-8364170-131-sub-21038-ses-2/ds/inputs/data/qsiprep/qsiprep/sub-21038/ses-2/dwi/sub-21038_ses-2_space-ACPC_desc-preproc_dwi.nii.gz	0.0286396181384248	2701.961181640625	1823.749755859375	2332.83251953125	2781.6259765625	2362.008544921875	1789.5616455078125	3472.707275390625	3521.6875	sub-21038	ses-2				space-ACPC			DSIStudio	autotrackgqi
Association_ParietalAslantTractR	fa	TORTOISE_model-tensor	/scratch/executivefunction/SLURM_8364170_131/job-8364170-131-sub-21038-ses-2/ds/inputs/data/qsiprep/qsiprep/sub-21038/ses-2/dwi/sub-21038_ses-2_space-ACPC_desc-preproc_dwi.nii.gz	0.0286396181384248	0.1923809053543832	0.0844158204876293	0.179684135002026	0.1980530696400161	0.1824677700278578	0.0788209699320136	0.1862329279592932	0.1888596152012137	sub-21038	ses-2				space-ACPC			DSIStudio	autotrackgqi
Association_ParietalAslantTractR	li	TORTOISE_model-tensor	/scratch/executivefunction/SLURM_8364170_131/job-8364170-131-sub-21038-ses-2/ds/inputs/data/qsiprep/qsiprep/sub-21038/ses-2/dwi/sub-21038_ses-2_space-ACPC_desc-preproc_dwi.nii.gz	0.0286396181384248	0.098831683397293	0.0444609448313713	0.094351015985012	0.1017456427216529	0.0958574786782264	0.0416962429881095	0.0962716192007064	0.097629465162754	sub-21038	ses-2				space-ACPC			DSIStudio	autotrackgqi
Association_ParietalAslantTractR	rd	TORTOISE_model-tensor	/scratch/executivefunction/SLURM_8364170_131/job-8364170-131-sub-21038-ses-2/ds/inputs/data/qsiprep/qsiprep/sub-21038/ses-2/dwi/sub-21038_ses-2_space-ACPC_desc-preproc_dwi.nii.gz	0.0286396181384248	501.1519699201712	147.7954482515629	514.2815261148323	515.927949377277	517.8240282005291	121.91877615491134	530.921149630137	538.4094273058661	sub-21038	ses-2				space-ACPC			DSIStudio	autotrackgqi
Association_UncinateFasciculusR	ad	TORTOISE_model-tensor	/scratch/executivefunction/SLURM_8364170_131/job-8364170-131-sub-21038-ses-2/ds/inputs/data/qsiprep/qsiprep/sub-21038/ses-2/dwi/sub-21038_ses-2_space-ACPC_desc-preproc_dwi.nii.gz	0.0	1127.8707019992503	314.5641419804379	1127.7340445889151	1127.8707019992503	1127.7340445889151	314.5641419804379	1145.1903117824834	1145.1903117824834	sub-21038	ses-2				space-ACPC			DSIStudio	autotrackgqi
Association_UncinateFasciculusR	am	TORTOISE_model-tensor	/scratch/executivefunction/SLURM_8364170_131/job-8364170-131-sub-21038-ses-2/ds/inputs/data/qsiprep/qsiprep/sub-21038/ses-2/dwi/sub-21038_ses-2_space-ACPC_desc-preproc_dwi.nii.gz	0.0	1127.989990234375	398.1456909179688	1073.3040771484375	1127.989990234375	1073.3040771484375	398.1456909179688	1087.6143798828125	1087.6143798828125	sub-21038	ses-2				space-ACPC			DSIStudio	autotrackgqi
Association_UncinateFasciculusR	fa	TORTOISE_model-tensor	/scratch/executivefunction/SLURM_8364170_131/job-8364170-131-sub-21038-ses-2/ds/inputs/data/qsiprep/qsiprep/sub-21038/ses-2/dwi/sub-21038_ses-2_space-ACPC_desc-preproc_dwi.nii.gz	0.0	0.4258728080168986	0.2195530739637064	0.4719889075031344	0.4258728080168986	0.4719889075031344	0.2195530739637064	0.4769521366438554	0.4769521366438554	sub-21038	ses-2				space-ACPC			DSIStudio	autotrackgqi
Association_UncinateFasciculusR	li	TORTOISE_model-tensor	/scratch/executivefunction/SLURM_8364170_131/job-8364170-131-sub-21038-ses-2/ds/inputs/data/qsiprep/qsiprep/sub-21038/ses-2/dwi/sub-21038_ses-2_space-ACPC_desc-preproc_dwi.nii.gz	0.0	0.2994730472564697	0.1928971707820892	0.302430510520935	0.2994730472564697	0.302430510520935	0.1928971707820892	0.3459362387657165	0.3459362387657165	sub-21038	ses-2				space-ACPC			DSIStudio	autotrackgqi
Association_UncinateFasciculusR	rd	TORTOISE_model-tensor	/scratch/executivefunction/SLURM_8364170_131/job-8364170-131-sub-21038-ses-2/ds/inputs/data/qsiprep/qsiprep/sub-21038/ses-2/dwi/sub-21038_ses-2_space-ACPC_desc-preproc_dwi.nii.gz	0.0	546.4651871270023	213.7117076980294	540.6143813738588	546.4651871270023	540.6143813738588	213.7117076980294	500.2038051536647	500.2038051536647	sub-21038	ses-2				space-ACPC			DSIStudio	autotrackgqi
ProjectionBasalGanglia_AnsaSubthalamicaR	ad	TORTOISE_model-tensor	/scratch/executivefunction/SLURM_8364170_131/job-8364170-131-sub-21038-ses-2/ds/inputs/data/qsiprep/qsiprep/sub-21038/ses-2/dwi/sub-21038_ses-2_space-ACPC_desc-preproc_dwi.nii.gz	0.0	716.8324570762519	120.72659049010122	664.8271751625033	716.8324570762519	664.8271751625033	120.72659049010122	716.8324891211599	716.8324891211599	sub-21038	ses-2				space-ACPC			DSIStudio	autotrackgqi
ProjectionBasalGanglia_AnsaSubthalamicaR	am	TORTOISE_model-tensor	/scratch/executivefunction/SLURM_8364170_131/job-8364170-131-sub-21038-ses-2/ds/inputs/data/qsiprep/qsiprep/sub-21038/ses-2/dwi/sub-21038_ses-2_space-ACPC_desc-preproc_dwi.nii.gz	0.0	896.3523559570312	145.01644897460938	829.0238647460938	896.3523559570312	829.0238647460938	145.01644897460938	896.3523559570312	896.3523559570312	sub-21038	ses-2				space-ACPC			DSIStudio	autotrackgqi
ProjectionBasalGanglia_AnsaSubthalamicaR	fa	TORTOISE_model-tensor	/scratch/executivefunction/SLURM_8364170_131/job-8364170-131-sub-21038-ses-2/ds/inputs/data/qsiprep/qsiprep/sub-21038/ses-2/dwi/sub-21038_ses-2_space-ACPC_desc-preproc_dwi.nii.gz	0.0	0.350698141456309	0.1614610931528431	0.3056737587612785	0.350698141456309	0.3056737587612785	0.1614610931528431	0.3506981571337376	0.3506981571337376	sub-21038	ses-2				space-ACPC			DSIStudio	autotrackgqi
ProjectionBasalGanglia_AnsaSubthalamicaR	li	TORTOISE_model-tensor	/scratch/executivefunction/SLURM_8364170_131/job-8364170-131-sub-21038-ses-2/ds/inputs/data/qsiprep/qsiprep/sub-21038/ses-2/dwi/sub-21038_ses-2_space-ACPC_desc-preproc_dwi.nii.gz	0.0	0.2215439826250076	0.1281732469797134	0.1813210844993591	0.2215439826250076	0.1813210844993591	0.1281732469797134	0.2215439975261688	0.2215439975261688	sub-21038	ses-2				space-ACPC			DSIStudio	autotrackgqi
ProjectionBasalGanglia_AnsaSubthalamicaR	rd	TORTOISE_model-tensor	/scratch/executivefunction/SLURM_8364170_131/job-8364170-131-sub-21038-ses-2/ds/inputs/data/qsiprep/qsiprep/sub-21038/ses-2/dwi/sub-21038_ses-2_space-ACPC_desc-preproc_dwi.nii.gz	0.0	394.4967571273317	63.17410485379567	383.8513587657119	394.4967571273317	383.8513587657119	63.17410485379567	394.49677476271097	394.49677476271097	sub-21038	ses-2				space-ACPC			DSIStudio	autotrackgqi
ProjectionBrainstem_MedialForebrainBundleR	ad	TORTOISE_model-tensor	/scratch/executivefunction/SLURM_8364170_131/job-8364170-131-sub-21038-ses-2/ds/inputs/data/qsiprep/qsiprep/sub-21038/ses-2/dwi/sub-21038_ses-2_space-ACPC_desc-preproc_dwi.nii.gz	0.0	628.9897735319424	138.33148283540936	652.587213664913	628.9897735319424	652.587213664913	138.33148283540936	615.3905238114965	615.3905773929221	sub-21038	ses-2				space-ACPC			DSIStudio	autotrackgqi
ProjectionBrainstem_MedialForebrainBundleR	am	TORTOISE_model-tensor	/scratch/executivefunction/SLURM_8364170_131/job-8364170-131-sub-21038-ses-2/ds/inputs/data/qsiprep/qsiprep/sub-21038/ses-2/dwi/sub-21038_ses-2_space-ACPC_desc-preproc_dwi.nii.gz	0.0	1362.800537109375	675.8094482421875	1251.9053955078125	1362.800537109375	1251.9053955078125	675.8094482421875	1443.567626953125	1443.5677490234375	sub-21038	ses-2				space-ACPC			DSIStudio	autotrackgqi
ProjectionBrainstem_MedialForebrainBundleR	fa	TORTOISE_model-tensor	/scratch/executivefunction/SLURM_8364170_131/job-8364170-131-sub-21038-ses-2/ds/inputs/data/qsiprep/qsiprep/sub-21038/ses-2/dwi/sub-21038_ses-2_space-ACPC_desc-preproc_dwi.nii.gz	0.0	0.206358404370214	0.0903559056583997	0.186117116825357	0.206358404370214	0.186117116825357	0.0903559056583997	0.1715095903309094	0.1715096056132791	sub-21038	ses-2				space-ACPC			DSIStudio	autotrackgqi
ProjectionBrainstem_MedialForebrainBundleR	li	TORTOISE_model-tensor	/scratch/executivefunction/SLURM_8364170_131/job-8364170-131-sub-21038-ses-2/ds/inputs/data/qsiprep/qsiprep/sub-21038/ses-2/dwi/sub-21038_ses-2_space-ACPC_desc-preproc_dwi.nii.gz	0.0	0.1064515709877014	0.0613131932914257	0.0888752341270446	0.1064515709877014	0.0888752341270446	0.0613131932914257	0.0823470652103424	0.0823470652103424	sub-21038	ses-2				space-ACPC			DSIStudio	autotrackgqi
ProjectionBrainstem_MedialForebrainBundleR	rd	TORTOISE_model-tensor	/scratch/executivefunction/SLURM_8364170_131/job-8364170-131-sub-21038-ses-2/ds/inputs/data/qsiprep/qsiprep/sub-21038/ses-2/dwi/sub-21038_ses-2_space-ACPC_desc-preproc_dwi.nii.gz	0.0	453.8816783590577	94.6524416417681	482.45373600748815	453.8816783590577	482.45373600748815	94.6524416417681	469.3387116300044	469.3387524308428	sub-21038	ses-2				space-ACPC			DSIStudio	autotrackgqi
ProjectionBasalGanglia_AnsaLenticularisR	ad	TORTOISE_model-tensor	/scratch/executivefunction/SLURM_8364170_131/job-8364170-131-sub-21038-ses-2/ds/inputs/data/qsiprep/qsiprep/sub-21038/ses-2/dwi/sub-21038_ses-2_space-ACPC_desc-preproc_dwi.nii.gz	0.0	724.5062331733882	107.04929882904408	697.5491451071695	724.5062331733882	697.5491451071695	107.04929882904408	724.5062331733882	724.5062331733882	sub-21038	ses-2				space-ACPC			DSIStudio	autotrackgqi
ProjectionBasalGanglia_AnsaLenticularisR	am	TORTOISE_model-tensor	/scratch/executivefunction/SLURM_8364170_131/job-8364170-131-sub-21038-ses-2/ds/inputs/data/qsiprep/qsiprep/sub-21038/ses-2/dwi/sub-21038_ses-2_space-ACPC_desc-preproc_dwi.nii.gz	0.0	838.2310791015625	77.06938171386719	817.8822021484375	838.2310791015625	817.8822021484375	77.06938171386719	838.2310791015625	838.2310791015625	sub-21038	ses-2				space-ACPC			DSIStudio	autotrackgqi
ProjectionBasalGanglia_AnsaLenticularisR	fa	TORTOISE_model-tensor	/scratch/executivefunction/SLURM_8364170_131/job-8364170-131-sub-21038-ses-2/ds/inputs/data/qsiprep/qsiprep/sub-21038/ses-2/dwi/sub-21038_ses-2_space-ACPC_desc-preproc_dwi.nii.gz	0.0	0.3835897726067909	0.1348411115068107	0.3857156784189836	0.3835897726067909	0.3857156784189836	0.1348411115068107	0.3835897726067909	0.3835897726067909	sub-21038	ses-2				space-ACPC			DSIStudio	autotrackgqi
ProjectionBasalGanglia_AnsaLenticularisR	li	TORTOISE_model-tensor	/scratch/executivefunction/SLURM_8364170_131/job-8364170-131-sub-21038-ses-2/ds/inputs/data/qsiprep/qsiprep/sub-21038/ses-2/dwi/sub-21038_ses-2_space-ACPC_desc-preproc_dwi.nii.gz	0.0	0.2425859421491623	0.11368228495121	0.2196286469697952	0.2425859421491623	0.2196286469697952	0.11368228495121	0.2425859421491623	0.2425859421491623	sub-21038	ses-2				space-ACPC			DSIStudio	autotrackgqi
ProjectionBasalGanglia_AnsaLenticularisR	rd	TORTOISE_model-tensor	/scratch/executivefunction/SLURM_8364170_131/job-8364170-131-sub-21038-ses-2/ds/inputs/data/qsiprep/qsiprep/sub-21038/ses-2/dwi/sub-21038_ses-2_space-ACPC_desc-preproc_dwi.nii.gz	0.0	380.5356102199465	62.75037169284949	380.7530252057603	380.5356102199465	380.7530252057603	62.75037169284949	380.5356102199465	380.5356102199465	sub-21038	ses-2				space-ACPC			DSIStudio	autotrackgqi
ProjectionBrainstem_NonDecussatingDentatorubrothalamicTractR	ad	TORTOISE_model-tensor	/scratch/executivefunction/SLURM_8364170_131/job-8364170-131-sub-21038-ses-2/ds/inputs/data/qsiprep/qsiprep/sub-21038/ses-2/dwi/sub-21038_ses-2_space-ACPC_desc-preproc_dwi.nii.gz	0.0	606.2586888347196	74.32151705427461	600.3761945821716	606.2586888347196	600.3761945821716	74.32151705427461	611.526438914178	611.526438914178	sub-21038	ses-2				space-ACPC			DSIStudio	autotrackgqi
ProjectionBrainstem_NonDecussatingDentatorubrothalamicTractR	am	TORTOISE_model-tensor	/scratch/executivefunction/SLURM_8364170_131/job-8364170-131-sub-21038-ses-2/ds/inputs/data/qsiprep/qsiprep/sub-21038/ses-2/dwi/sub-21038_ses-2_space-ACPC_desc-preproc_dwi.nii.gz	0.0	2057.7177734375	1056.4830322265625	1679.363525390625	2057.7177734375	1679.363525390625	1056.4830322265625	2064.470947265625	2064.470947265625	sub-21038	ses-2				space-ACPC			DSIStudio	autotrackgqi
ProjectionBrainstem_NonDecussatingDentatorubrothalamicTractR	fa	TORTOISE_model-tensor	/scratch/executivefunction/SLURM_8364170_131/job-8364170-131-sub-21038-ses-2/ds/inputs/data/qsiprep/qsiprep/sub-21038/ses-2/dwi/sub-21038_ses-2_space-ACPC_desc-preproc_dwi.nii.gz	0.0	0.2314755988978827	0.090417782794692	0.220270966550097	0.2314755988978827	0.220270966550097	0.090417782794692	0.238301635212535	0.238301635212535	sub-21038	ses-2				space-ACPC			DSIStudio	autotrackgqi
ProjectionBrainstem_NonDecussatingDentatorubrothalamicTractR	li	TORTOISE_model-tensor	/scratch/executivefunction/SLURM_8364170_131/job-8364170-131-sub-21038-ses-2/ds/inputs/data/qsiprep/qsiprep/sub-21038/ses-2/dwi/sub-21038_ses-2_space-ACPC_desc-preproc_dwi.nii.gz	0.0	0.1216645017266273	0.0629787519574165	0.1033478006720542	0.1216645017266273	0.1033478006720542	0.0629787519574165	0.1223681718111038	0.1223681718111038	sub-21038	ses-2				space-ACPC			DSIStudio	autotrackgqi
ProjectionBrainstem_NonDecussatingDentatorubrothalamicTractR	rd	TORTOISE_model-tensor	/scratch/executivefunction/SLURM_8364170_131/job-8364170-131-sub-21038-ses-2/ds/inputs/data/qsiprep/qsiprep/sub-21038/ses-2/dwi/sub-21038_ses-2_space-ACPC_desc-preproc_dwi.nii.gz	0.0	428.3486549519434	76.72784248545514	431.43729346466034	428.3486549519434	431.43729346466034	76.72784248545514	426.8834530600187	426.8834530600187	sub-21038	ses-2				space-ACPC			DSIStudio	autotrackgqi
ProjectionBasalGanglia_AcousticRadiationR	ad	TORTOISE_model-tensor	/scratch/executivefunction/SLURM_8364170_131/job-8364170-131-sub-21038-ses-2/ds/inputs/data/qsiprep/qsiprep/sub-21038/ses-2/dwi/sub-21038_ses-2_space-ACPC_desc-preproc_dwi.nii.gz	0.0	646.9929800873924	126.275154487415	632.8972919756493	646.9929800873924	632.8972919756493	126.275154487415	608.2284292596516	608.2284957084738	sub-21038	ses-2				space-ACPC			DSIStudio	autotrackgqi
ProjectionBasalGanglia_AcousticRadiationR	am	TORTOISE_model-tensor	/scratch/executivefunction/SLURM_8364170_131/job-8364170-131-sub-21038-ses-2/ds/inputs/data/qsiprep/qsiprep/sub-21038/ses-2/dwi/sub-21038_ses-2_space-ACPC_desc-preproc_dwi.nii.gz	0.0	1705.8701171875	810.8246459960938	1581.8343505859375	1705.8701171875	1581.8343505859375	810.8246459960938	1680.9384765625	1680.938720703125	sub-21038	ses-2				space-ACPC			DSIStudio	autotrackgqi
ProjectionBasalGanglia_AcousticRadiationR	fa	TORTOISE_model-tensor	/scratch/executivefunction/SLURM_8364170_131/job-8364170-131-sub-21038-ses-2/ds/inputs/data/qsiprep/qsiprep/sub-21038/ses-2/dwi/sub-21038_ses-2_space-ACPC_desc-preproc_dwi.nii.gz	0.0	0.2834559135968938	0.1712055414324474	0.2130484629019204	0.2834559135968938	0.2130484629019204	0.1712055414324474	0.2429047344681264	0.2429047600232158	sub-21038	ses-2				space-ACPC			DSIStudio	autotrackgqi
ProjectionBasalGanglia_AcousticRadiationR	li	TORTOISE_model-tensor	/scratch/executivefunction/SLURM_8364170_131/job-8364170-131-sub-21038-ses-2/ds/inputs/data/qsiprep/qsiprep/sub-21038/ses-2/dwi/sub-21038_ses-2_space-ACPC_desc-preproc_dwi.nii.gz	0.0	0.1652633100748062	0.1440004706382751	0.1076867282390594	0.1652633100748062	0.1076867282390594	0.1440004706382751	0.132947027683258	0.1329470425844192	sub-21038	ses-2				space-ACPC			DSIStudio	autotrackgqi
ProjectionBasalGanglia_AcousticRadiationR	rd	TORTOISE_model-tensor	/scratch/executivefunction/SLURM_8364170_131/job-8364170-131-sub-21038-ses-2/ds/inputs/data/qsiprep/qsiprep/sub-21038/ses-2/dwi/sub-21038_ses-2_space-ACPC_desc-preproc_dwi.nii.gz	0.0	409.1704840512396	95.64464643083409	431.43729346466034	409.1704840512396	431.43729346466034	95.64464643083409	415.95449028739966	415.9545363468493	sub-21038	ses-2				space-ACPC			DSIStudio	autotrackgqi
ProjectionBrainstem_CorticobulbarTractL	ad	TORTOISE_model-tensor	/scratch/executivefunction/SLURM_8364170_131/job-8364170-131-sub-21038-ses-2/ds/inputs/data/qsiprep/qsiprep/sub-21038/ses-2/dwi/sub-21038_ses-2_space-ACPC_desc-preproc_dwi.nii.gz	0.0	647.3071164116781	69.80577964486362	617.8475188016378	647.3071164116781	617.8475188016378	69.80577964486362	647.3071501713748	647.3071501713748	sub-21038	ses-2				space-ACPC			DSIStudio	autotrackgqi
ProjectionBrainstem_CorticobulbarTractL	am	TORTOISE_model-tensor	/scratch/executivefunction/SLURM_8364170_131/job-8364170-131-sub-21038-ses-2/ds/inputs/data/qsiprep/qsiprep/sub-21038/ses-2/dwi/sub-21038_ses-2_space-ACPC_desc-preproc_dwi.nii.gz	0.0	953.2711181640624	221.97015380859372	880.1221923828125	953.2711181640624	880.1221923828125	221.97015380859372	953.2710571289062	953.2710571289062	sub-21038	ses-2				space-ACPC			DSIStudio	autotrackgqi
ProjectionBrainstem_CorticobulbarTractL	fa	TORTOISE_model-tensor	/scratch/executivefunction/SLURM_8364170_131/job-8364170-131-sub-21038-ses-2/ds/inputs/data/qsiprep/qsiprep/sub-21038/ses-2/dwi/sub-21038_ses-2_space-ACPC_desc-preproc_dwi.nii.gz	0.0	0.316562659245048	0.101987570097686	0.3189810931584235	0.316562659245048	0.3189810931584235	0.101987570097686	0.3165626757550773	0.3165626757550773	sub-21038	ses-2				space-ACPC			DSIStudio	autotrackgqi
ProjectionBrainstem_CorticobulbarTractL	li	TORTOISE_model-tensor	/scratch/executivefunction/SLURM_8364170_131/job-8364170-131-sub-21038-ses-2/ds/inputs/data/qsiprep/qsiprep/sub-21038/ses-2/dwi/sub-21038_ses-2_space-ACPC_desc-preproc_dwi.nii.gz	0.0	0.1684317737817764	0.0725941658020019	0.1578302830457687	0.1684317737817764	0.1578302830457687	0.0725941658020019	0.1684317588806152	0.1684317588806152	sub-21038	ses-2				space-ACPC			DSIStudio	autotrackgqi
ProjectionBrainstem_CorticobulbarTractL	rd	TORTOISE_model-tensor	/scratch/executivefunction/SLURM_8364170_131/job-8364170-131-sub-21038-ses-2/ds/inputs/data/qsiprep/qsiprep/sub-21038/ses-2/dwi/sub-21038_ses-2_space-ACPC_desc-preproc_dwi.nii.gz	0.0	411.98867456190186	72.32447552805895	428.2269570008282	411.98867456190186	428.2269570008282	72.32447552805895	411.9886960487856	411.9886960487856	sub-21038	ses-2				space-ACPC			DSIStudio	autotrackgqi
ProjectionBrainstem_CorticopontineTractR	ad	TORTOISE_model-tensor	/scratch/executivefunction/SLURM_8364170_131/job-8364170-131-sub-21038-ses-2/ds/inputs/data/qsiprep/qsiprep/sub-21038/ses-2/dwi/sub-21038_ses-2_space-ACPC_desc-preproc_dwi.nii.gz	0.0	784.3967167580786	158.8080936619698	745.0678702805849	784.3967167580786	745.0678702805849	158.8080936619698	799.4192515141157	799.4191645694048	sub-21038	ses-2				space-ACPC			DSIStudio	autotrackgqi
ProjectionBrainstem_CorticopontineTractR	am	TORTOISE_model-tensor	/scratch/executivefunction/SLURM_8364170_131/job-8364170-131-sub-21038-ses-2/ds/inputs/data/qsiprep/qsiprep/sub-21038/ses-2/dwi/sub-21038_ses-2_space-ACPC_desc-preproc_dwi.nii.gz	0.0	1477.0704345703125	294.9656677246094	1457.8525390625	1477.0704345703125	1457.8525390625	294.9656677246094	1524.9588623046875	1524.958740234375	sub-21038	ses-2				space-ACPC			DSIStudio	autotrackgqi
ProjectionBrainstem_CorticopontineTractR	fa	TORTOISE_model-tensor	/scratch/executivefunction/SLURM_8364170_131/job-8364170-131-sub-21038-ses-2/ds/inputs/data/qsiprep/qsiprep/sub-21038/ses-2/dwi/sub-21038_ses-2_space-ACPC_desc-preproc_dwi.nii.gz	0.0	0.2539736975094671	0.1550100253997269	0.2032117717516623	0.2539736975094671	0.2032117717516623	0.1550100253997269	0.2227619906768707	0.2227619666593101	sub-21038	ses-2				space-ACPC			DSIStudio	autotrackgqi
ProjectionBrainstem_CorticopontineTractR	li	TORTOISE_model-tensor	/scratch/executivefunction/SLURM_8364170_131/job-8364170-131-sub-21038-ses-2/ds/inputs/data/qsiprep/qsiprep/sub-21038/ses-2/dwi/sub-21038_ses-2_space-ACPC_desc-preproc_dwi.nii.gz	0.0	0.1619726717472076	0.1328803896903991	0.1161512583494186	0.1619726717472076	0.1161512583494186	0.1328803896903991	0.1345787644386291	0.1345787495374679	sub-21038	ses-2				space-ACPC			DSIStudio	autotrackgqi
ProjectionBrainstem_CorticopontineTractR	rd	TORTOISE_model-tensor	/scratch/executivefunction/SLURM_8364170_131/job-8364170-131-sub-21038-ses-2/ds/inputs/data/qsiprep/qsiprep/sub-21038/ses-2/dwi/sub-21038_ses-2_space-ACPC_desc-preproc_dwi.nii.gz	0.0	516.645511050329	124.46654257230264	525.2001323771958	516.645511050329	525.2001323771958	124.46654257230264	552.1236959278012	552.1236357027586	sub-21038	ses-2				space-ACPC			DSIStudio	autotrackgqi
ProjectionBasalGanglia_FornixR	ad	TORTOISE_model-tensor	/scratch/executivefunction/SLURM_8364170_131/job-8364170-131-sub-21038-ses-2/ds/inputs/data/qsiprep/qsiprep/sub-21038/ses-2/dwi/sub-21038_ses-2_space-ACPC_desc-preproc_dwi.nii.gz	0.0	874.5282977393874	222.13424013315225	804.3166447618626	874.5282977393874	804.3166447618626	222.13424013315225	868.6386667523775	868.6386667523775	sub-21038	ses-2				space-ACPC			DSIStudio	autotrackgqi
ProjectionBasalGanglia_FornixR	am	TORTOISE_model-tensor	/scratch/executivefunction/SLURM_8364170_131/job-8364170-131-sub-21038-ses-2/ds/inputs/data/qsiprep/qsiprep/sub-21038/ses-2/dwi/sub-21038_ses-2_space-ACPC_desc-preproc_dwi.nii.gz	0.0	953.205810546875	282.429443359375	877.9747314453125	953.205810546875	877.9747314453125	282.429443359375	898.4829711914062	898.4829711914062	sub-21038	ses-2				space-ACPC			DSIStudio	autotrackgqi
ProjectionBasalGanglia_FornixR	fa	TORTOISE_model-tensor	/scratch/executivefunction/SLURM_8364170_131/job-8364170-131-sub-21038-ses-2/ds/inputs/data/qsiprep/qsiprep/sub-21038/ses-2/dwi/sub-21038_ses-2_space-ACPC_desc-preproc_dwi.nii.gz	0.0	0.4371207979758412	0.2144731785216199	0.4372289552232771	0.4371207979758412	0.4372289552232771	0.2144731785216199	0.4495583418194949	0.4495583418194949	sub-21038	ses-2				space-ACPC			DSIStudio	autotrackgqi
ProjectionBasalGanglia_FornixR	li	TORTOISE_model-tensor	/scratch/executivefunction/SLURM_8364170_131/job-8364170-131-sub-21038-ses-2/ds/inputs/data/qsiprep/qsiprep/sub-21038/ses-2/dwi/sub-21038_ses-2_space-ACPC_desc-preproc_dwi.nii.gz	0.0	0.3101868033409118	0.188344269990921	0.2783328294754028	0.3101868033409118	0.2783328294754028	0.188344269990921	0.316357672214508	0.316357672214508	sub-21038	ses-2				space-ACPC			DSIStudio	autotrackgqi
ProjectionBasalGanglia_FornixR	rd	TORTOISE_model-tensor	/scratch/executivefunction/SLURM_8364170_131/job-8364170-131-sub-21038-ses-2/ds/inputs/data/qsiprep/qsiprep/sub-21038/ses-2/dwi/sub-21038_ses-2_space-ACPC_desc-preproc_dwi.nii.gz	0.0	405.38078782813	129.55241700828387	403.61120559454	405.38078782813	403.61120559454	129.55241700828387	392.25124518378647	392.25124518378647	sub-21038	ses-2				space-ACPC			DSIStudio	autotrackgqi
ProjectionBrainstem_DentatorubrothalamicTract-lr	ad	TORTOISE_model-tensor	/scratch/executivefunction/SLURM_8364170_131/job-8364170-131-sub-21038-ses-2/ds/inputs/data/qsiprep/qsiprep/sub-21038/ses-2/dwi/sub-21038_ses-2_space-ACPC_desc-preproc_dwi.nii.gz	0.0	625.1376292319536	88.17521631418505	612.9326722799925	625.1376292319536	612.9326722799925	88.17521631418505	620.3898213447346	620.3898213447346	sub-21038	ses-2				space-ACPC			DSIStudio	autotrackgqi
ProjectionBrainstem_DentatorubrothalamicTract-lr	am	TORTOISE_model-tensor	/scratch/executivefunction/SLURM_8364170_131/job-8364170-131-sub-21038-ses-2/ds/inputs/data/qsiprep/qsiprep/sub-21038/ses-2/dwi/sub-21038_ses-2_space-ACPC_desc-preproc_dwi.nii.gz	0.0	2258.75732421875	1703.5670166015625	1539.898193359375	2258.75732421875	1539.898193359375	1703.5670166015625	2478.8466796875	2478.8466796875	sub-21038	ses-2				space-ACPC			DSIStudio	autotrackgqi
ProjectionBrainstem_DentatorubrothalamicTract-lr	fa	TORTOISE_model-tensor	/scratch/executivefunction/SLURM_8364170_131/job-8364170-131-sub-21038-ses-2/ds/inputs/data/qsiprep/qsiprep/sub-21038/ses-2/dwi/sub-21038_ses-2_space-ACPC_desc-preproc_dwi.nii.gz	0.0	0.3029513323849372	0.1386154980264037	0.2813132993667106	0.3029513323849372	0.2813132993667106	0.1386154980264037	0.2850337815423023	0.2850337815423023	sub-21038	ses-2				space-ACPC			DSIStudio	autotrackgqi
ProjectionBrainstem_DentatorubrothalamicTract-lr	li	TORTOISE_model-tensor	/scratch/executivefunction/SLURM_8364170_131/job-8364170-131-sub-21038-ses-2/ds/inputs/data/qsiprep/qsiprep/sub-21038/ses-2/dwi/sub-21038_ses-2_space-ACPC_desc-preproc_dwi.nii.gz	0.0	0.1827543526887893	0.098095566034317	0.150671437382698	0.1827543526887893	0.150671437382698	0.098095566034317	0.1728705167770385	0.1728705167770385	sub-21038	ses-2				space-ACPC			DSIStudio	autotrackgqi
ProjectionBrainstem_DentatorubrothalamicTract-lr	rd	TORTOISE_model-tensor	/scratch/executivefunction/SLURM_8364170_131/job-8364170-131-sub-21038-ses-2/ds/inputs/data/qsiprep/qsiprep/sub-21038/ses-2/dwi/sub-21038_ses-2_space-ACPC_desc-preproc_dwi.nii.gz	0.0	402.1603363604767	90.31167849407684	384.05475631401936	402.1603363604767	384.05475631401936	90.31167849407684	412.291812660992	412.291812660992	sub-21038	ses-2				space-ACPC			DSIStudio	autotrackgqi
Commissure_AnteriorCommissure	ad	TORTOISE_model-tensor	/scratch/executivefunction/SLURM_8364170_131/job-8364170-131-sub-21038-ses-2/ds/inputs/data/qsiprep/qsiprep/sub-21038/ses-2/dwi/sub-21038_ses-2_space-ACPC_desc-preproc_dwi.nii.gz	0.0	953.699477934736	289.56560240971794	860.4267234384805	953.699477934736	860.4267234384805	289.56560240971794	918.646000469494	918.646000469494	sub-21038	ses-2				space-ACPC			DSIStudio	autotrackgqi
Commissure_AnteriorCommissure	am	TORTOISE_model-tensor	/scratch/executivefunction/SLURM_8364170_131/job-8364170-131-sub-21038-ses-2/ds/inputs/data/qsiprep/qsiprep/sub-21038/ses-2/dwi/sub-21038_ses-2_space-ACPC_desc-preproc_dwi.nii.gz	0.0	991.1400146484376	377.7491455078125	829.0238647460938	991.1400146484376	829.0238647460938	377.7491455078125	891.2958984375	891.2958984375	sub-21038	ses-2				space-ACPC			DSIStudio	autotrackgqi
Commissure_AnteriorCommissure	fa	TORTOISE_model-tensor	/scratch/executivefunction/SLURM_8364170_131/job-8364170-131-sub-21038-ses-2/ds/inputs/data/qsiprep/qsiprep/sub-21038/ses-2/dwi/sub-21038_ses-2_space-ACPC_desc-preproc_dwi.nii.gz	0.0	0.3166941608749466	0.1395858722767341	0.3056737587612785	0.3166941608749466	0.3056737587612785	0.1395858722767341	0.3221971398687352	0.3221971398687352	sub-21038	ses-2				space-ACPC			DSIStudio	autotrackgqi
Commissure_AnteriorCommissure	li	TORTOISE_model-tensor	/scratch/executivefunction/SLURM_8364170_131/job-8364170-131-sub-21038-ses-2/ds/inputs/data/qsiprep/qsiprep/sub-21038/ses-2/dwi/sub-21038_ses-2_space-ACPC_desc-preproc_dwi.nii.gz	0.0	0.1838137358427047	0.1014788448810577	0.1645126789808273	0.1838137358427047	0.1645126789808273	0.1014788448810577	0.1898874640464782	0.1898874640464782	sub-21038	ses-2				space-ACPC			DSIStudio	autotrackgqi
Commissure_AnteriorCommissure	rd	TORTOISE_model-tensor	/scratch/executivefunction/SLURM_8364170_131/job-8364170-131-sub-21038-ses-2/ds/inputs/data/qsiprep/qsiprep/sub-21038/ses-2/dwi/sub-21038_ses-2_space-ACPC_desc-preproc_dwi.nii.gz	0.0	599.3170540800033	276.8745833992853	512.2067900419527	599.3170540800033	512.2067900419527	276.8745833992853	552.8418039242156	552.8418039242156	sub-21038	ses-2				space-ACPC			DSIStudio	autotrackgqi
Commissure_CorpusCallosum	ad	TORTOISE_model-tensor	/scratch/executivefunction/SLURM_8364170_131/job-8364170-131-sub-21038-ses-2/ds/inputs/data/qsiprep/qsiprep/sub-21038/ses-2/dwi/sub-21038_ses-2_space-ACPC_desc-preproc_dwi.nii.gz	0.0	680.9131835935735	151.65324468871447	645.9416526393535	680.9131835935735	645.9416526393535	151.65324468871447	637.8491281827157	637.8491281827157	sub-21038	ses-2				space-ACPC			DSIStudio	autotrackgqi
Commissure_CorpusCallosum	am	TORTOISE_model-tensor	/scratch/executivefunction/SLURM_8364170_131/job-8364170-131-sub-21038-ses-2/ds/inputs/data/qsiprep/qsiprep/sub-21038/ses-2/dwi/sub-21038_ses-2_space-ACPC_desc-preproc_dwi.nii.gz	0.0	1645.31982421875	1198.206787109375	1281.162353515625	1645.31982421875	1281.162353515625	1198.206787109375	1935.8155517578125	1935.8155517578125	sub-21038	ses-2				space-ACPC			DSIStudio	autotrackgqi
Commissure_CorpusCallosum	fa	TORTOISE_model-tensor	/scratch/executivefunction/SLURM_8364170_131/job-8364170-131-sub-21038-ses-2/ds/inputs/data/qsiprep/qsiprep/sub-21038/ses-2/dwi/sub-21038_ses-2_space-ACPC_desc-preproc_dwi.nii.gz	0.0	0.3141870802841615	0.1759351402642374	0.2482052550898351	0.3141870802841615	0.2482052550898351	0.1759351402642374	0.2968371689681164	0.2968371689681164	sub-21038	ses-2				space-ACPC			DSIStudio	autotrackgqi
Commissure_CorpusCallosum	li	TORTOISE_model-tensor	/scratch/executivefunction/SLURM_8364170_131/job-8364170-131-sub-21038-ses-2/ds/inputs/data/qsiprep/qsiprep/sub-21038/ses-2/dwi/sub-21038_ses-2_space-ACPC_desc-preproc_dwi.nii.gz	0.0	0.1939897537231445	0.147436186671257	0.1346734315156936	0.1939897537231445	0.1346734315156936	0.147436186671257	0.1808982789516449	0.1808982789516449	sub-21038	ses-2				space-ACPC			DSIStudio	autotrackgqi
Commissure_CorpusCallosum	rd	TORTOISE_model-tensor	/scratch/executivefunction/SLURM_8364170_131/job-8364170-131-sub-21038-ses-2/ds/inputs/data/qsiprep/qsiprep/sub-21038/ses-2/dwi/sub-21038_ses-2_space-ACPC_desc-preproc_dwi.nii.gz	0.0	417.53438946169393	121.41200000474876	430.09235343240834	417.53438946169393	430.09235343240834	121.41200000474876	409.317846636484	409.317846636484	sub-21038	ses-2				space-ACPC			DSIStudio	autotrackgqi
Cerebellum_CerebellumR	ad	TORTOISE_model-tensor	/scratch/executivefunction/SLURM_8364170_131/job-8364170-131-sub-21038-ses-2/ds/inputs/data/qsiprep/qsiprep/sub-21038/ses-2/dwi/sub-21038_ses-2_space-ACPC_desc-preproc_dwi.nii.gz	0.0412979351032448	606.0196293969256	160.83326608378096	621.7601179478844	632.1250903555624	625.2419502829277	102.37044497741292	629.4231268832846	635.1746097605728	sub-21038	ses-2				space-ACPC			DSIStudio	autotrackgqi
Cerebellum_CerebellumR	am	TORTOISE_model-tensor	/scratch/executivefunction/SLURM_8364170_131/job-8364170-131-sub-21038-ses-2/ds/inputs/data/qsiprep/qsiprep/sub-21038/ses-2/dwi/sub-21038_ses-2_space-ACPC_desc-preproc_dwi.nii.gz	0.0412979351032448	2737.402099609375	1743.0928955078125	2435.853515625	2855.321044921875	2480.693603515625	1683.021240234375	3291.333740234375	3321.4091796875	sub-21038	ses-2				space-ACPC			DSIStudio	autotrackgqi
Cerebellum_CerebellumR	fa	TORTOISE_model-tensor	/scratch/executivefunction/SLURM_8364170_131/job-8364170-131-sub-21038-ses-2/ds/inputs/data/qsiprep/qsiprep/sub-21038/ses-2/dwi/sub-21038_ses-2_space-ACPC_desc-preproc_dwi.nii.gz	0.0412979351032448	0.1812053516588216	0.0962982270122186	0.168392766252986	0.1890111206533554	0.1699180214099037	0.090539707872213	0.1713069872997432	0.1728723402326766	sub-21038	ses-2				space-ACPC			DSIStudio	autotrackgqi
Cerebellum_CerebellumR	li	TORTOISE_model-tensor	/scratch/executivefunction/SLURM_8364170_131/job-8364170-131-sub-21038-ses-2/ds/inputs/data/qsiprep/qsiprep/sub-21038/ses-2/dwi/sub-21038_ses-2_space-ACPC_desc-preproc_dwi.nii.gz	0.0412979351032448	0.0857325196266174	0.0566057525575161	0.0767642855644226	0.0894256085157394	0.0779261440038681	0.054881528019905	0.0815994441509246	0.0823450684547424	sub-21038	ses-2				space-ACPC			DSIStudio	autotrackgqi
Cerebellum_CerebellumR	rd	TORTOISE_model-tensor	/scratch/executivefunction/SLURM_8364170_131/job-8364170-131-sub-21038-ses-2/ds/inputs/data/qsiprep/qsiprep/sub-21038/ses-2/dwi/sub-21038_ses-2_space-ACPC_desc-preproc_dwi.nii.gz	0.0412979351032448	454.8247424437668	125.23173794026962	477.9121285384382	474.4171928874983	479.55380820887495	84.04503389260323	484.843105116721	489.2734582298327	sub-21038	ses-2				space-ACPC			DSIStudio	autotrackgqi
Cerebellum_CerebellumL	ad	TORTOISE_model-tensor	/scratch/executivefunction/SLURM_8364170_131/job-8364170-131-sub-21038-ses-2/ds/inputs/data/qsiprep/qsiprep/sub-21038/ses-2/dwi/sub-21038_ses-2_space-ACPC_desc-preproc_dwi.nii.gz	0.0	583.733566716371	126.474394085206	592.9744158558553	583.733566716371	592.9744158558553	126.474394085206	586.9072824347908	586.9072824347908	sub-21038	ses-2				space-ACPC			DSIStudio	autotrackgqi
Cerebellum_CerebellumL	am	TORTOISE_model-tensor	/scratch/executivefunction/SLURM_8364170_131/job-8364170-131-sub-21038-ses-2/ds/inputs/data/qsiprep/qsiprep/sub-21038/ses-2/dwi/sub-21038_ses-2_space-ACPC_desc-preproc_dwi.nii.gz	0.0	1133.347412109375	523.435546875	1146.738037109375	1133.347412109375	1146.738037109375	523.435546875	1250.29833984375	1250.29833984375	sub-21038	ses-2				space-ACPC			DSIStudio	autotrackgqi
Cerebellum_CerebellumL	fa	TORTOISE_model-tensor	/scratch/executivefunction/SLURM_8364170_131/job-8364170-131-sub-21038-ses-2/ds/inputs/data/qsiprep/qsiprep/sub-21038/ses-2/dwi/sub-21038_ses-2_space-ACPC_desc-preproc_dwi.nii.gz	0.0	0.2141621635610044	0.0825425672437433	0.2043126193815947	0.2141621635610044	0.2043126193815947	0.0825425672437433	0.2024921496681885	0.2024921496681885	sub-21038	ses-2				space-ACPC			DSIStudio	autotrackgqi
Cerebellum_CerebellumL	li	TORTOISE_model-tensor	/scratch/executivefunction/SLURM_8364170_131/job-8364170-131-sub-21038-ses-2/ds/inputs/data/qsiprep/qsiprep/sub-21038/ses-2/dwi/sub-21038_ses-2_space-ACPC_desc-preproc_dwi.nii.gz	0.0052631578947368	0.0975082516670227	0.0372267551720142	0.098098024725914	0.0980241671204567	0.0983037054538726	0.0366413928568363	0.0957433134317398	0.0957986041903495	sub-21038	ses-2				space-ACPC			DSIStudio	autotrackgqi
Cerebellum_CerebellumL	rd	TORTOISE_model-tensor	/scratch/executivefunction/SLURM_8364170_131/job-8364170-131-sub-21038-ses-2/ds/inputs/data/qsiprep/qsiprep/sub-21038/ses-2/dwi/sub-21038_ses-2_space-ACPC_desc-preproc_dwi.nii.gz	0.0	431.0154229312063	101.44144799420688	434.8337407490563	431.0154229312063	434.8337407490563	101.44144799420688	439.8591009747434	439.8591009747434	sub-21038	ses-2				space-ACPC			DSIStudio	autotrackgqi
Cerebellum_InferiorCerebellarPeduncleR	ad	TORTOISE_model-tensor	/scratch/executivefunction/SLURM_8364170_131/job-8364170-131-sub-21038-ses-2/ds/inputs/data/qsiprep/qsiprep/sub-21038/ses-2/dwi/sub-21038_ses-2_space-ACPC_desc-preproc_dwi.nii.gz	0.0	575.4319954952416	133.20707277326423	580.1802555865783	575.4319954952416	580.1802555865783	133.20707277326423	576.2653237710324	576.2652656846885	sub-21038	ses-2				space-ACPC			DSIStudio	autotrackgqi
Cerebellum_InferiorCerebellarPeduncleR	am	TORTOISE_model-tensor	/scratch/executivefunction/SLURM_8364170_131/job-8364170-131-sub-21038-ses-2/ds/inputs/data/qsiprep/qsiprep/sub-21038/ses-2/dwi/sub-21038_ses-2_space-ACPC_desc-preproc_dwi.nii.gz	0.0	1801.230712890625	782.3787231445312	2064.781494140625	1801.230712890625	2064.781494140625	782.3787231445312	1767.3636474609375	1767.3634033203125	sub-21038	ses-2				space-ACPC			DSIStudio	autotrackgqi
Cerebellum_InferiorCerebellarPeduncleR	fa	TORTOISE_model-tensor	/scratch/executivefunction/SLURM_8364170_131/job-8364170-131-sub-21038-ses-2/ds/inputs/data/qsiprep/qsiprep/sub-21038/ses-2/dwi/sub-21038_ses-2_space-ACPC_desc-preproc_dwi.nii.gz	0.0	0.170006626363574	0.0517021157560678	0.1650269041137454	0.170006626363574	0.1650269041137454	0.0517021157560678	0.1653936188073893	0.1653936021791865	sub-21038	ses-2				space-ACPC			DSIStudio	autotrackgqi
Cerebellum_InferiorCerebellarPeduncleR	li	TORTOISE_model-tensor	/scratch/executivefunction/SLURM_8364170_131/job-8364170-131-sub-21038-ses-2/ds/inputs/data/qsiprep/qsiprep/sub-21038/ses-2/dwi/sub-21038_ses-2_space-ACPC_desc-preproc_dwi.nii.gz	0.0	0.0742428600788116	0.0296912193298339	0.0801024213433265	0.0742428600788116	0.0801024213433265	0.0296912193298339	0.0729910731315612	0.0729910656809806	sub-21038	ses-2				space-ACPC			DSIStudio	autotrackgqi
Cerebellum_InferiorCerebellarPeduncleR	rd	TORTOISE_model-tensor	/scratch/executivefunction/SLURM_8364170_131/job-8364170-131-sub-21038-ses-2/ds/inputs/data/qsiprep/qsiprep/sub-21038/ses-2/dwi/sub-21038_ses-2_space-ACPC_desc-preproc_dwi.nii.gz	0.0	443.9550998170765	94.90082925290749	468.0139913842637	443.9550998170765	468.0139913842637	94.90082925290749	447.1383810307734	447.13833598765024	sub-21038	ses-2				space-ACPC			DSIStudio	autotrackgqi
Cerebellum_Vermis	ad	TORTOISE_model-tensor	/scratch/executivefunction/SLURM_8364170_131/job-8364170-131-sub-21038-ses-2/ds/inputs/data/qsiprep/qsiprep/sub-21038/ses-2/dwi/sub-21038_ses-2_space-ACPC_desc-preproc_dwi.nii.gz	0.0298210735586481	613.6995271653843	140.03778232855686	618.4500056318923	632.5632421397302	619.7243585784479	90.9992967696922	613.7904077701094	620.2623178687638	sub-21038	ses-2				space-ACPC			DSIStudio	autotrackgqi
Cerebellum_Vermis	am	TORTOISE_model-tensor	/scratch/executivefunction/SLURM_8364170_131/job-8364170-131-sub-21038-ses-2/ds/inputs/data/qsiprep/qsiprep/sub-21038/ses-2/dwi/sub-21038_ses-2_space-ACPC_desc-preproc_dwi.nii.gz	0.0298210735586481	1985.0009765625	1171.8897705078125	1779.65966796875	2046.015380859375	1836.703857421875	1136.0908203125	2157.71923828125	2180.470703125	sub-21038	ses-2				space-ACPC			DSIStudio	autotrackgqi
Cerebellum_Vermis	fa	TORTOISE_model-tensor	/scratch/executivefunction/SLURM_8364170_131/job-8364170-131-sub-21038-ses-2/ds/inputs/data/qsiprep/qsiprep/sub-21038/ses-2/dwi/sub-21038_ses-2_space-ACPC_desc-preproc_dwi.nii.gz	0.0298210735586481	0.2155738238324271	0.1146427627610482	0.1921822140179756	0.2222000684174402	0.1956589777634717	0.1098844646591684	0.2115099039820822	0.2137401002915125	sub-21038	ses-2				space-ACPC			DSIStudio	autotrackgqi
Cerebellum_Vermis	li	TORTOISE_model-tensor	/scratch/executivefunction/SLURM_8364170_131/job-8364170-131-sub-21038-ses-2/ds/inputs/data/qsiprep/qsiprep/sub-21038/ses-2/dwi/sub-21038_ses-2_space-ACPC_desc-preproc_dwi.nii.gz	0.0298210735586481	0.1065200343728065	0.0775890052318573	0.0887922719120979	0.1097942143678665	0.0900758951902389	0.0764565840363502	0.0993096530437469	0.100356787443161	sub-21038	ses-2				space-ACPC			DSIStudio	autotrackgqi
Cerebellum_Vermis	rd	TORTOISE_model-tensor	/scratch/executivefunction/SLURM_8364170_131/job-8364170-131-sub-21038-ses-2/ds/inputs/data/qsiprep/qsiprep/sub-21038/ses-2/dwi/sub-21038_ses-2_space-ACPC_desc-preproc_dwi.nii.gz	0.0298210735586481	435.7672934137084	105.84675884697836	450.62632951309456	449.1617798915888	451.5403690774125	74.37483422432008	444.3357105888854	449.0208616060373	sub-21038	ses-2				space-ACPC			DSIStudio	autotrackgqi
Cerebellum_SuperiorCerebellarPeduncle	ad	TORTOISE_model-tensor	/scratch/executivefunction/SLURM_8364170_131/job-8364170-131-sub-21038-ses-2/ds/inputs/data/qsiprep/qsiprep/sub-21038/ses-2/dwi/sub-21038_ses-2_space-ACPC_desc-preproc_dwi.nii.gz	0.0253164556962025	575.9842300595079	160.1712880101016	598.1346823305192	590.944859411703	608.8543052423586	132.21306294434402	601.1475175229359	603.1547200957743	sub-21038	ses-2				space-ACPC			DSIStudio	autotrackgqi
Cerebellum_SuperiorCerebellarPeduncle	am	TORTOISE_model-tensor	/scratch/executivefunction/SLURM_8364170_131/job-8364170-131-sub-21038-ses-2/ds/inputs/data/qsiprep/qsiprep/sub-21038/ses-2/dwi/sub-21038_ses-2_space-ACPC_desc-preproc_dwi.nii.gz	0.0253164556962025	1605.422119140625	825.2511596679688	1581.8343505859375	1647.121337890625	1590.272705078125	793.7537841796875	1754.078857421875	1759.935546875	sub-21038	ses-2				space-ACPC			DSIStudio	autotrackgqi
Cerebellum_SuperiorCerebellarPeduncle	fa	TORTOISE_model-tensor	/scratch/executivefunction/SLURM_8364170_131/job-8364170-131-sub-21038-ses-2/ds/inputs/data/qsiprep/qsiprep/sub-21038/ses-2/dwi/sub-21038_ses-2_space-ACPC_desc-preproc_dwi.nii.gz	0.0253164556962025	0.167451909336686	0.0739479598264392	0.1633652587580166	0.1718013095791974	0.1645634182449544	0.069735944038809	0.1558737983806094	0.1563942534889017	sub-21038	ses-2				space-ACPC			DSIStudio	autotrackgqi
Cerebellum_SuperiorCerebellarPeduncle	li	TORTOISE_model-tensor	/scratch/executivefunction/SLURM_8364170_131/job-8364170-131-sub-21038-ses-2/ds/inputs/data/qsiprep/qsiprep/sub-21038/ses-2/dwi/sub-21038_ses-2_space-ACPC_desc-preproc_dwi.nii.gz	0.0253164556962025	0.0803864821791648	0.0452306047081947	0.0776262432336807	0.0824744403362274	0.0789580419659614	0.0438946709036827	0.0719316974282264	0.0721718817949295	sub-21038	ses-2				space-ACPC			DSIStudio	autotrackgqi
Cerebellum_SuperiorCerebellarPeduncle	rd	TORTOISE_model-tensor	/scratch/executivefunction/SLURM_8364170_131/job-8364170-131-sub-21038-ses-2/ds/inputs/data/qsiprep/qsiprep/sub-21038/ses-2/dwi/sub-21038_ses-2_space-ACPC_desc-preproc_dwi.nii.gz	0.0253164556962025	440.2221936968828	116.24499793374044	475.8289361723266	451.6565363903083	475.9588449124384	93.2710476598133	466.3823402736417	467.9395683833866	sub-21038	ses-2				space-ACPC			DSIStudio	autotrackgqi
Cerebellum_MiddleCerebellarPeduncle	ad	TORTOISE_model-tensor	/scratch/executivefunction/SLURM_8364170_131/job-8364170-131-sub-21038-ses-2/ds/inputs/data/qsiprep/qsiprep/sub-21038/ses-2/dwi/sub-21038_ses-2_space-ACPC_desc-preproc_dwi.nii.gz	0.002932551319648	622.5652823829195	114.81204984504758	616.6547447903968	624.3963567428692	616.8668261463323	109.8965907128754	650.9506518491625	651.4036050237498	sub-21038	ses-2				space-ACPC			DSIStudio	autotrackgqi
Cerebellum_MiddleCerebellarPeduncle	am	TORTOISE_model-tensor	/scratch/executivefunction/SLURM_8364170_131/job-8364170-131-sub-21038-ses-2/ds/inputs/data/qsiprep/qsiprep/sub-21038/ses-2/dwi/sub-21038_ses-2_space-ACPC_desc-preproc_dwi.nii.gz	0.002932551319648	1710.7733154296875	878.7678833007812	1515.716796875	1715.804931640625	1519.169677734375	875.1405029296875	1756.32666015625	1757.548583984375	sub-21038	ses-2				space-ACPC			DSIStudio	autotrackgqi
Cerebellum_MiddleCerebellarPeduncle	fa	TORTOISE_model-tensor	/scratch/executivefunction/SLURM_8364170_131/job-8364170-131-sub-21038-ses-2/ds/inputs/data/qsiprep/qsiprep/sub-21038/ses-2/dwi/sub-21038_ses-2_space-ACPC_desc-preproc_dwi.nii.gz	0.002932551319648	0.2212796919388081	0.1029991869843203	0.1927704372810592	0.2219305145621575	0.193520357717591	0.1024480237404749	0.2390740763439427	0.2392404321272525	sub-21038	ses-2				space-ACPC			DSIStudio	autotrackgqi
Cerebellum_MiddleCerebellarPeduncle	li	TORTOISE_model-tensor	/scratch/executivefunction/SLURM_8364170_131/job-8364170-131-sub-21038-ses-2/ds/inputs/data/qsiprep/qsiprep/sub-21038/ses-2/dwi/sub-21038_ses-2_space-ACPC_desc-preproc_dwi.nii.gz	0.002932551319648	0.1102160811424255	0.0702022984623909	0.0977438539266586	0.1105402410030365	0.0977774336934089	0.0700501576066017	0.1248950883746147	0.1249819993972778	sub-21038	ses-2				space-ACPC			DSIStudio	autotrackgqi
Cerebellum_MiddleCerebellarPeduncle	rd	TORTOISE_model-tensor	/scratch/executivefunction/SLURM_8364170_131/job-8364170-131-sub-21038-ses-2/ds/inputs/data/qsiprep/qsiprep/sub-21038/ses-2/dwi/sub-21038_ses-2_space-ACPC_desc-preproc_dwi.nii.gz	0.002932551319648	442.659025509513	85.56142032698136	446.6047642459988	443.9609638198352	446.9004568905424	82.24523389526533	445.90286464334304	446.2131388490486	sub-21038	ses-2				space-ACPC			DSIStudio	autotrackgqi
CranialNerve_CNVIIR	ad	TORTOISE_model-tensor	/scratch/executivefunction/SLURM_8364170_131/job-8364170-131-sub-21038-ses-2/ds/inputs/data/qsiprep/qsiprep/sub-21038/ses-2/dwi/sub-21038_ses-2_space-ACPC_desc-preproc_dwi.nii.gz	0.0	606.2416562614028	153.289225383358	652.587213664913	606.2416562614028	652.587213664913	153.289225383358	611.54031232375	611.54031232375	sub-21038	ses-2				space-ACPC			DSIStudio	autotrackgqi
CranialNerve_CNVIIR	am	TORTOISE_model-tensor	/scratch/executivefunction/SLURM_8364170_131/job-8364170-131-sub-21038-ses-2/ds/inputs/data/qsiprep/qsiprep/sub-21038/ses-2/dwi/sub-21038_ses-2_space-ACPC_desc-preproc_dwi.nii.gz	0.0	1519.7196044921875	736.9365844726562	1515.716796875	1519.7196044921875	1515.716796875	736.9365844726562	1589.23779296875	1589.23779296875	sub-21038	ses-2				space-ACPC			DSIStudio	autotrackgqi
CranialNerve_CNVIIR	fa	TORTOISE_model-tensor	/scratch/executivefunction/SLURM_8364170_131/job-8364170-131-sub-21038-ses-2/ds/inputs/data/qsiprep/qsiprep/sub-21038/ses-2/dwi/sub-21038_ses-2_space-ACPC_desc-preproc_dwi.nii.gz	0.0	0.1730442584138386	0.0675622775718527	0.1660341511837426	0.1730442584138386	0.1660341511837426	0.0675622775718527	0.1605335045331647	0.1605335045331647	sub-21038	ses-2				space-ACPC			DSIStudio	autotrackgqi
CranialNerve_CNVIIR	li	TORTOISE_model-tensor	/scratch/executivefunction/SLURM_8364170_131/job-8364170-131-sub-21038-ses-2/ds/inputs/data/qsiprep/qsiprep/sub-21038/ses-2/dwi/sub-21038_ses-2_space-ACPC_desc-preproc_dwi.nii.gz	0.0	0.0826963856816291	0.0421509258449077	0.0859022736549377	0.0826963856816291	0.0859022736549377	0.0421509258449077	0.0762658789753913	0.0762658789753913	sub-21038	ses-2				space-ACPC			DSIStudio	autotrackgqi
CranialNerve_CNVIIR	rd	TORTOISE_model-tensor	/scratch/executivefunction/SLURM_8364170_131/job-8364170-131-sub-21038-ses-2/ds/inputs/data/qsiprep/qsiprep/sub-21038/ses-2/dwi/sub-21038_ses-2_space-ACPC_desc-preproc_dwi.nii.gz	0.0	459.2221980507833	103.11633772547856	483.276328308496	459.2221980507833	483.276328308496	103.11633772547856	472.86921278861513	472.86921278861513	sub-21038	ses-2				space-ACPC			DSIStudio	autotrackgqi
CranialNerve_CNVIIL	ad	TORTOISE_model-tensor	/scratch/executivefunction/SLURM_8364170_131/job-8364170-131-sub-21038-ses-2/ds/inputs/data/qsiprep/qsiprep/sub-21038/ses-2/dwi/sub-21038_ses-2_space-ACPC_desc-preproc_dwi.nii.gz	0.0	635.2549183171336	74.60781204004354	616.1238424851579	635.2549183171336	616.1238424851579	74.60781204004354	627.9940152193408	627.9940900304754	sub-21038	ses-2				space-ACPC			DSIStudio	autotrackgqi
CranialNerve_CNVIIL	am	TORTOISE_model-tensor	/scratch/executivefunction/SLURM_8364170_131/job-8364170-131-sub-21038-ses-2/ds/inputs/data/qsiprep/qsiprep/sub-21038/ses-2/dwi/sub-21038_ses-2_space-ACPC_desc-preproc_dwi.nii.gz	0.0	1113.5684814453125	231.5987548828125	1131.6160888671875	1113.5684814453125	1131.6160888671875	231.5987548828125	1157.8253173828125	1157.8255615234375	sub-21038	ses-2				space-ACPC			DSIStudio	autotrackgqi
CranialNerve_CNVIIL	fa	TORTOISE_model-tensor	/scratch/executivefunction/SLURM_8364170_131/job-8364170-131-sub-21038-ses-2/ds/inputs/data/qsiprep/qsiprep/sub-21038/ses-2/dwi/sub-21038_ses-2_space-ACPC_desc-preproc_dwi.nii.gz	0.0	0.2793747701832481	0.1045956081867856	0.2496729521456442	0.2793747701832481	0.2496729521456442	0.1045956081867856	0.2636108787558976	0.2636109100813419	sub-21038	ses-2				space-ACPC			DSIStudio	autotrackgqi
CranialNerve_CNVIIL	li	TORTOISE_model-tensor	/scratch/executivefunction/SLURM_8364170_131/job-8364170-131-sub-21038-ses-2/ds/inputs/data/qsiprep/qsiprep/sub-21038/ses-2/dwi/sub-21038_ses-2_space-ACPC_desc-preproc_dwi.nii.gz	0.0	0.1432641148567199	0.070734217762947	0.1132968366146087	0.1432641148567199	0.1132968366146087	0.070734217762947	0.1309349536895752	0.1309349685907364	sub-21038	ses-2				space-ACPC			DSIStudio	autotrackgqi
CranialNerve_CNVIIL	rd	TORTOISE_model-tensor	/scratch/executivefunction/SLURM_8364170_131/job-8364170-131-sub-21038-ses-2/ds/inputs/data/qsiprep/qsiprep/sub-21038/ses-2/dwi/sub-21038_ses-2_space-ACPC_desc-preproc_dwi.nii.gz	0.0	413.8989224400117	54.30626250593034	422.69758729239	413.8989224400117	422.69758729239	54.30626250593034	419.61095353177024	419.61100355038025	sub-21038	ses-2				space-ACPC			DSIStudio	autotrackgqi
CranialNerve_CNIIR	ad	TORTOISE_model-tensor	/scratch/executivefunction/SLURM_8364170_131/job-8364170-131-sub-21038-ses-2/ds/inputs/data/qsiprep/qsiprep/sub-21038/ses-2/dwi/sub-21038_ses-2_space-ACPC_desc-preproc_dwi.nii.gz	0.0	927.0481852946388	249.9906842701045	938.8519652572264	927.0481852946388	938.8519652572264	249.9906842701045	979.7419687739824	979.7418695010118	sub-21038	ses-2				space-ACPC			DSIStudio	autotrackgqi
CranialNerve_CNIIR	am	TORTOISE_model-tensor	/scratch/executivefunction/SLURM_8364170_131/job-8364170-131-sub-21038-ses-2/ds/inputs/data/qsiprep/qsiprep/sub-21038/ses-2/dwi/sub-21038_ses-2_space-ACPC_desc-preproc_dwi.nii.gz	0.0	1028.73046875	310.5023803710937	916.0317993164062	1028.73046875	916.0317993164062	310.5023803710937	911.5936279296876	911.5935668945312	sub-21038	ses-2				space-ACPC			DSIStudio	autotrackgqi
CranialNerve_CNIIR	fa	TORTOISE_model-tensor	/scratch/executivefunction/SLURM_8364170_131/job-8364170-131-sub-21038-ses-2/ds/inputs/data/qsiprep/qsiprep/sub-21038/ses-2/dwi/sub-21038_ses-2_space-ACPC_desc-preproc_dwi.nii.gz	0.0	0.4661285746486182	0.2301548859119447	0.4532091095181105	0.4661285746486182	0.4532091095181105	0.2301548859119447	0.5434166957529288	0.5434166402590773	sub-21038	ses-2				space-ACPC			DSIStudio	autotrackgqi
CranialNerve_CNIIR	li	TORTOISE_model-tensor	/scratch/executivefunction/SLURM_8364170_131/job-8364170-131-sub-21038-ses-2/ds/inputs/data/qsiprep/qsiprep/sub-21038/ses-2/dwi/sub-21038_ses-2_space-ACPC_desc-preproc_dwi.nii.gz	0.0	0.3377004563808441	0.2075653225183487	0.3090014159679413	0.3377004563808441	0.3090014159679413	0.2075653225183487	0.4048430621623993	0.4048430323600769	sub-21038	ses-2				space-ACPC			DSIStudio	autotrackgqi
CranialNerve_CNIIR	rd	TORTOISE_model-tensor	/scratch/executivefunction/SLURM_8364170_131/job-8364170-131-sub-21038-ses-2/ds/inputs/data/qsiprep/qsiprep/sub-21038/ses-2/dwi/sub-21038_ses-2_space-ACPC_desc-preproc_dwi.nii.gz	0.0	407.2586920169501	169.29203913706675	438.2865908699733	407.2586920169501	438.2865908699733	169.29203913706675	368.4745619068112	368.47452471301625	sub-21038	ses-2				space-ACPC			DSIStudio	autotrackgqi
