bundle	variable_name	qsirecon_suffix	source_file	zero_proportion	mean	stdev	median	masked_mean	masked_median	masked_stdev	subject_id	session_id	task_id	dir_id	acq_id	space_id	rec_id	run_id	bundle_source	bundle_params_id
Association_ExtremeCapsuleR	tdi	DSIStudio	/scratch/executivefunction/SLURM_8364170_41/job-8364170-41-sub-20328-ses-1/ds/inputs/data/qsiprep/qsiprep/sub-20328/ses-1/dwi/sub-20328_ses-1_space-ACPC_desc-preproc_dwi.nii.gz	0.0	241.74217	442.97073	61.0	241.74217	61.0	442.97073	sub-20328	ses-1				space-ACPC			DSIStudio	autotrackgqi
Association_MiddleLongitudinalFasciculusR	tdi	DSIStudio	/scratch/executivefunction/SLURM_8364170_41/job-8364170-41-sub-20328-ses-1/ds/inputs/data/qsiprep/qsiprep/sub-20328/ses-1/dwi/sub-20328_ses-1_space-ACPC_desc-preproc_dwi.nii.gz	0.0	261.58472	663.09125	48.0	261.58472	48.0	663.09125	sub-20328	ses-1				space-ACPC			DSIStudio	autotrackgqi
Association_ParietalAslantTractL	tdi	DSIStudio	/scratch/executivefunction/SLURM_8364170_41/job-8364170-41-sub-20328-ses-1/ds/inputs/data/qsiprep/qsiprep/sub-20328/ses-1/dwi/sub-20328_ses-1_space-ACPC_desc-preproc_dwi.nii.gz	0.0	143.33006	268.68536	38.0	143.33006	38.0	268.68536	sub-20328	ses-1				space-ACPC			DSIStudio	autotrackgqi
Association_UncinateFasciculusL	tdi	DSIStudio	/scratch/executivefunction/SLURM_8364170_41/job-8364170-41-sub-20328-ses-1/ds/inputs/data/qsiprep/qsiprep/sub-20328/ses-1/dwi/sub-20328_ses-1_space-ACPC_desc-preproc_dwi.nii.gz	0.0	110.88487	188.62517	31.0	110.88487	31.0	188.62517	sub-20328	ses-1				space-ACPC			DSIStudio	autotrackgqi
Association_ParietalAslantTractR	tdi	DSIStudio	/scratch/executivefunction/SLURM_8364170_41/job-8364170-41-sub-20328-ses-1/ds/inputs/data/qsiprep/qsiprep/sub-20328/ses-1/dwi/sub-20328_ses-1_space-ACPC_desc-preproc_dwi.nii.gz	0.0	132.2413	272.71417	34.0	132.2413	34.0	272.71417	sub-20328	ses-1				space-ACPC			DSIStudio	autotrackgqi
Association_SuperiorLongitudinalFasciculusR	tdi	DSIStudio	/scratch/executivefunction/SLURM_8364170_41/job-8364170-41-sub-20328-ses-1/ds/inputs/data/qsiprep/qsiprep/sub-20328/ses-1/dwi/sub-20328_ses-1_space-ACPC_desc-preproc_dwi.nii.gz	0.0	192.54141	402.7408	41.0	192.54141	41.0	402.7408	sub-20328	ses-1				space-ACPC			DSIStudio	autotrackgqi
Association_CingulumL	tdi	DSIStudio	/scratch/executivefunction/SLURM_8364170_41/job-8364170-41-sub-20328-ses-1/ds/inputs/data/qsiprep/qsiprep/sub-20328/ses-1/dwi/sub-20328_ses-1_space-ACPC_desc-preproc_dwi.nii.gz	0.0	274.64374	926.2598	46.0	274.64374	46.0	926.2598	sub-20328	ses-1				space-ACPC			DSIStudio	autotrackgqi
Association_ArcuateFasciculusR	tdi	DSIStudio	/scratch/executivefunction/SLURM_8364170_41/job-8364170-41-sub-20328-ses-1/ds/inputs/data/qsiprep/qsiprep/sub-20328/ses-1/dwi/sub-20328_ses-1_space-ACPC_desc-preproc_dwi.nii.gz	0.0	306.7277	740.2429	48.0	306.7277	48.0	740.2429	sub-20328	ses-1				space-ACPC			DSIStudio	autotrackgqi
Association_InferiorLongitudinalFasciculusR	tdi	DSIStudio	/scratch/executivefunction/SLURM_8364170_41/job-8364170-41-sub-20328-ses-1/ds/inputs/data/qsiprep/qsiprep/sub-20328/ses-1/dwi/sub-20328_ses-1_space-ACPC_desc-preproc_dwi.nii.gz	0.0	283.4712	632.5764	49.0	283.4712	49.0	632.5764	sub-20328	ses-1				space-ACPC			DSIStudio	autotrackgqi
Association_InferiorLongitudinalFasciculusL	tdi	DSIStudio	/scratch/executivefunction/SLURM_8364170_41/job-8364170-41-sub-20328-ses-1/ds/inputs/data/qsiprep/qsiprep/sub-20328/ses-1/dwi/sub-20328_ses-1_space-ACPC_desc-preproc_dwi.nii.gz	0.0	308.47595	688.406	51.0	308.47595	51.0	688.406	sub-20328	ses-1				space-ACPC			DSIStudio	autotrackgqi
Association_FrontalAslantTractR	tdi	DSIStudio	/scratch/executivefunction/SLURM_8364170_41/job-8364170-41-sub-20328-ses-1/ds/inputs/data/qsiprep/qsiprep/sub-20328/ses-1/dwi/sub-20328_ses-1_space-ACPC_desc-preproc_dwi.nii.gz	0.0	210.68208	329.87274	61.0	210.68208	61.0	329.87274	sub-20328	ses-1				space-ACPC			DSIStudio	autotrackgqi
Association_InferiorFrontoOccipitalFasciculusL	tdi	DSIStudio	/scratch/executivefunction/SLURM_8364170_41/job-8364170-41-sub-20328-ses-1/ds/inputs/data/qsiprep/qsiprep/sub-20328/ses-1/dwi/sub-20328_ses-1_space-ACPC_desc-preproc_dwi.nii.gz	0.0	532.4652	1509.8014	57.0	532.4652	57.0	1509.8014	sub-20328	ses-1				space-ACPC			DSIStudio	autotrackgqi
Association_CingulumR	tdi	DSIStudio	/scratch/executivefunction/SLURM_8364170_41/job-8364170-41-sub-20328-ses-1/ds/inputs/data/qsiprep/qsiprep/sub-20328/ses-1/dwi/sub-20328_ses-1_space-ACPC_desc-preproc_dwi.nii.gz	0.0	195.35043	589.43286	37.0	195.35043	37.0	589.43286	sub-20328	ses-1				space-ACPC			DSIStudio	autotrackgqi
Association_InferiorFrontoOccipitalFasciculusR	tdi	DSIStudio	/scratch/executivefunction/SLURM_8364170_41/job-8364170-41-sub-20328-ses-1/ds/inputs/data/qsiprep/qsiprep/sub-20328/ses-1/dwi/sub-20328_ses-1_space-ACPC_desc-preproc_dwi.nii.gz	0.0	645.6535	1458.7313	91.0	645.6535	91.0	1458.7313	sub-20328	ses-1				space-ACPC			DSIStudio	autotrackgqi
Association_ArcuateFasciculusL	tdi	DSIStudio	/scratch/executivefunction/SLURM_8364170_41/job-8364170-41-sub-20328-ses-1/ds/inputs/data/qsiprep/qsiprep/sub-20328/ses-1/dwi/sub-20328_ses-1_space-ACPC_desc-preproc_dwi.nii.gz	0.0	462.87866	1192.8574	59.5	462.87866	59.5	1192.8574	sub-20328	ses-1				space-ACPC			DSIStudio	autotrackgqi
Association_VerticalOccipitalFasciculusR	tdi	DSIStudio	/scratch/executivefunction/SLURM_8364170_41/job-8364170-41-sub-20328-ses-1/ds/inputs/data/qsiprep/qsiprep/sub-20328/ses-1/dwi/sub-20328_ses-1_space-ACPC_desc-preproc_dwi.nii.gz	0.0	70.7345	125.14284	24.0	70.7345	24.0	125.14284	sub-20328	ses-1				space-ACPC			DSIStudio	autotrackgqi
Association_HippocampusAlveusL	tdi	DSIStudio	/scratch/executivefunction/SLURM_8364170_41/job-8364170-41-sub-20328-ses-1/ds/inputs/data/qsiprep/qsiprep/sub-20328/ses-1/dwi/sub-20328_ses-1_space-ACPC_desc-preproc_dwi.nii.gz	0.0	122.18832	193.91122	42.0	122.18832	42.0	193.91122	sub-20328	ses-1				space-ACPC			DSIStudio	autotrackgqi
Association_SuperiorLongitudinalFasciculusL	tdi	DSIStudio	/scratch/executivefunction/SLURM_8364170_41/job-8364170-41-sub-20328-ses-1/ds/inputs/data/qsiprep/qsiprep/sub-20328/ses-1/dwi/sub-20328_ses-1_space-ACPC_desc-preproc_dwi.nii.gz	0.0	141.1987	255.09097	42.0	141.1987	42.0	255.09097	sub-20328	ses-1				space-ACPC			DSIStudio	autotrackgqi
Association_HippocampusAlveusR	tdi	DSIStudio	/scratch/executivefunction/SLURM_8364170_41/job-8364170-41-sub-20328-ses-1/ds/inputs/data/qsiprep/qsiprep/sub-20328/ses-1/dwi/sub-20328_ses-1_space-ACPC_desc-preproc_dwi.nii.gz	0.0	105.25086	161.3038	40.0	105.25086	40.0	161.3038	sub-20328	ses-1				space-ACPC			DSIStudio	autotrackgqi
Association_ExtremeCapsuleL	tdi	DSIStudio	/scratch/executivefunction/SLURM_8364170_41/job-8364170-41-sub-20328-ses-1/ds/inputs/data/qsiprep/qsiprep/sub-20328/ses-1/dwi/sub-20328_ses-1_space-ACPC_desc-preproc_dwi.nii.gz	0.0	190.64984	330.02905	52.0	190.64984	52.0	330.02905	sub-20328	ses-1				space-ACPC			DSIStudio	autotrackgqi
Association_MiddleLongitudinalFasciculusL	tdi	DSIStudio	/scratch/executivefunction/SLURM_8364170_41/job-8364170-41-sub-20328-ses-1/ds/inputs/data/qsiprep/qsiprep/sub-20328/ses-1/dwi/sub-20328_ses-1_space-ACPC_desc-preproc_dwi.nii.gz	0.0	455.1331	953.25336	84.0	455.1331	84.0	953.25336	sub-20328	ses-1				space-ACPC			DSIStudio	autotrackgqi
Association_UncinateFasciculusR	tdi	DSIStudio	/scratch/executivefunction/SLURM_8364170_41/job-8364170-41-sub-20328-ses-1/ds/inputs/data/qsiprep/qsiprep/sub-20328/ses-1/dwi/sub-20328_ses-1_space-ACPC_desc-preproc_dwi.nii.gz	0.0	117.86465	222.80013	29.0	117.86465	29.0	222.80013	sub-20328	ses-1				space-ACPC			DSIStudio	autotrackgqi
Association_FrontalAslantTractL	tdi	DSIStudio	/scratch/executivefunction/SLURM_8364170_41/job-8364170-41-sub-20328-ses-1/ds/inputs/data/qsiprep/qsiprep/sub-20328/ses-1/dwi/sub-20328_ses-1_space-ACPC_desc-preproc_dwi.nii.gz	0.0	159.51831	248.10208	50.0	159.51831	50.0	248.10208	sub-20328	ses-1				space-ACPC			DSIStudio	autotrackgqi
Association_VerticalOccipitalFasciculusL	tdi	DSIStudio	/scratch/executivefunction/SLURM_8364170_41/job-8364170-41-sub-20328-ses-1/ds/inputs/data/qsiprep/qsiprep/sub-20328/ses-1/dwi/sub-20328_ses-1_space-ACPC_desc-preproc_dwi.nii.gz	0.0	84.94074	192.02068	24.0	84.94074	24.0	192.02068	sub-20328	ses-1				space-ACPC			DSIStudio	autotrackgqi
ProjectionBasalGanglia_OpticRadiationR	tdi	DSIStudio	/scratch/executivefunction/SLURM_8364170_41/job-8364170-41-sub-20328-ses-1/ds/inputs/data/qsiprep/qsiprep/sub-20328/ses-1/dwi/sub-20328_ses-1_space-ACPC_desc-preproc_dwi.nii.gz	0.0	361.40283	555.5081	117.0	361.40283	117.0	555.5081	sub-20328	ses-1				space-ACPC			DSIStudio	autotrackgqi
ProjectionBasalGanglia_FasciculusSubthalamicusR	tdi	DSIStudio	/scratch/executivefunction/SLURM_8364170_41/job-8364170-41-sub-20328-ses-1/ds/inputs/data/qsiprep/qsiprep/sub-20328/ses-1/dwi/sub-20328_ses-1_space-ACPC_desc-preproc_dwi.nii.gz	0.0	35.165997	55.367702	12.0	35.165997	12.0	55.367702	sub-20328	ses-1				space-ACPC			DSIStudio	autotrackgqi
ProjectionBrainstem_CorticospinalTractL	tdi	DSIStudio	/scratch/executivefunction/SLURM_8364170_41/job-8364170-41-sub-20328-ses-1/ds/inputs/data/qsiprep/qsiprep/sub-20328/ses-1/dwi/sub-20328_ses-1_space-ACPC_desc-preproc_dwi.nii.gz	0.0	161.93414	314.1473	40.0	161.93414	40.0	314.1473	sub-20328	ses-1				space-ACPC			DSIStudio	autotrackgqi
ProjectionBasalGanglia_AnsaLenticularisL	tdi	DSIStudio	/scratch/executivefunction/SLURM_8364170_41/job-8364170-41-sub-20328-ses-1/ds/inputs/data/qsiprep/qsiprep/sub-20328/ses-1/dwi/sub-20328_ses-1_space-ACPC_desc-preproc_dwi.nii.gz	0.0	36.077282	52.758984	14.5	36.077282	14.5	52.758984	sub-20328	ses-1				space-ACPC			DSIStudio	autotrackgqi
ProjectionBasalGanglia_FornixL	tdi	DSIStudio	/scratch/executivefunction/SLURM_8364170_41/job-8364170-41-sub-20328-ses-1/ds/inputs/data/qsiprep/qsiprep/sub-20328/ses-1/dwi/sub-20328_ses-1_space-ACPC_desc-preproc_dwi.nii.gz	0.0	128.03398	246.94753	24.0	128.03398	24.0	246.94753	sub-20328	ses-1				space-ACPC			DSIStudio	autotrackgqi
ProjectionBrainstem_CorticospinalTractR	tdi	DSIStudio	/scratch/executivefunction/SLURM_8364170_41/job-8364170-41-sub-20328-ses-1/ds/inputs/data/qsiprep/qsiprep/sub-20328/ses-1/dwi/sub-20328_ses-1_space-ACPC_desc-preproc_dwi.nii.gz	0.0	123.09943	215.55103	38.0	123.09943	38.0	215.55103	sub-20328	ses-1				space-ACPC			DSIStudio	autotrackgqi
ProjectionBrainstem_MedialLemniscusR	tdi	DSIStudio	/scratch/executivefunction/SLURM_8364170_41/job-8364170-41-sub-20328-ses-1/ds/inputs/data/qsiprep/qsiprep/sub-20328/ses-1/dwi/sub-20328_ses-1_space-ACPC_desc-preproc_dwi.nii.gz	0.0	46.66826	76.556755	17.0	46.66826	17.0	76.556755	sub-20328	ses-1				space-ACPC			DSIStudio	autotrackgqi
ProjectionBasalGanglia_AnsaSubthalamicaR	tdi	DSIStudio	/scratch/executivefunction/SLURM_8364170_41/job-8364170-41-sub-20328-ses-1/ds/inputs/data/qsiprep/qsiprep/sub-20328/ses-1/dwi/sub-20328_ses-1_space-ACPC_desc-preproc_dwi.nii.gz	0.0	22.476604	32.863674	9.0	22.476604	9.0	32.863674	sub-20328	ses-1				space-ACPC			DSIStudio	autotrackgqi
ProjectionBasalGanglia_FornixR	tdi	DSIStudio	/scratch/executivefunction/SLURM_8364170_41/job-8364170-41-sub-20328-ses-1/ds/inputs/data/qsiprep/qsiprep/sub-20328/ses-1/dwi/sub-20328_ses-1_space-ACPC_desc-preproc_dwi.nii.gz	0.0	180.59969	369.2626	38.0	180.59969	38.0	369.2626	sub-20328	ses-1				space-ACPC			DSIStudio	autotrackgqi
ProjectionBasalGanglia_OpticRadiationL	tdi	DSIStudio	/scratch/executivefunction/SLURM_8364170_41/job-8364170-41-sub-20328-ses-1/ds/inputs/data/qsiprep/qsiprep/sub-20328/ses-1/dwi/sub-20328_ses-1_space-ACPC_desc-preproc_dwi.nii.gz	0.0	287.72345	495.8139	52.0	287.72345	52.0	495.8139	sub-20328	ses-1				space-ACPC			DSIStudio	autotrackgqi
ProjectionBrainstem_NonDecussatingDentatorubrothalamicTractL	tdi	DSIStudio	/scratch/executivefunction/SLURM_8364170_41/job-8364170-41-sub-20328-ses-1/ds/inputs/data/qsiprep/qsiprep/sub-20328/ses-1/dwi/sub-20328_ses-1_space-ACPC_desc-preproc_dwi.nii.gz	0.0	35.889465	49.298725	19.0	35.889465	19.0	49.298725	sub-20328	ses-1				space-ACPC			DSIStudio	autotrackgqi
ProjectionBrainstem_MedialForebrainBundleR	tdi	DSIStudio	/scratch/executivefunction/SLURM_8364170_41/job-8364170-41-sub-20328-ses-1/ds/inputs/data/qsiprep/qsiprep/sub-20328/ses-1/dwi/sub-20328_ses-1_space-ACPC_desc-preproc_dwi.nii.gz	0.0	129.16763	264.02722	29.0	129.16763	29.0	264.02722	sub-20328	ses-1				space-ACPC			DSIStudio	autotrackgqi
ProjectionBasalGanglia_ThalamicRadiationR	tdi	DSIStudio	/scratch/executivefunction/SLURM_8364170_41/job-8364170-41-sub-20328-ses-1/ds/inputs/data/qsiprep/qsiprep/sub-20328/ses-1/dwi/sub-20328_ses-1_space-ACPC_desc-preproc_dwi.nii.gz	0.0	217.00691	383.79257	74.0	217.00691	74.0	383.79257	sub-20328	ses-1				space-ACPC			DSIStudio	autotrackgqi
ProjectionBasalGanglia_CorticostriatalTractL	tdi	DSIStudio	/scratch/executivefunction/SLURM_8364170_41/job-8364170-41-sub-20328-ses-1/ds/inputs/data/qsiprep/qsiprep/sub-20328/ses-1/dwi/sub-20328_ses-1_space-ACPC_desc-preproc_dwi.nii.gz	0.0	108.42824	217.11118	30.0	108.42824	30.0	217.11118	sub-20328	ses-1				space-ACPC			DSIStudio	autotrackgqi
ProjectionBasalGanglia_AnsaLenticularisR	tdi	DSIStudio	/scratch/executivefunction/SLURM_8364170_41/job-8364170-41-sub-20328-ses-1/ds/inputs/data/qsiprep/qsiprep/sub-20328/ses-1/dwi/sub-20328_ses-1_space-ACPC_desc-preproc_dwi.nii.gz	0.0	49.757977	66.38319	21.0	49.757977	21.0	66.38319	sub-20328	ses-1				space-ACPC			DSIStudio	autotrackgqi
ProjectionBasalGanglia_AnsaSubthalamicaL	tdi	DSIStudio	/scratch/executivefunction/SLURM_8364170_41/job-8364170-41-sub-20328-ses-1/ds/inputs/data/qsiprep/qsiprep/sub-20328/ses-1/dwi/sub-20328_ses-1_space-ACPC_desc-preproc_dwi.nii.gz	0.0	9.836683	13.074619	4.5	9.836683	4.5	13.074619	sub-20328	ses-1				space-ACPC			DSIStudio	autotrackgqi
ProjectionBrainstem_CorticobulbarTractR	tdi	DSIStudio	/scratch/executivefunction/SLURM_8364170_41/job-8364170-41-sub-20328-ses-1/ds/inputs/data/qsiprep/qsiprep/sub-20328/ses-1/dwi/sub-20328_ses-1_space-ACPC_desc-preproc_dwi.nii.gz	0.0	15.955465	15.87049	10.0	15.955465	10.0	15.87049	sub-20328	ses-1				space-ACPC			DSIStudio	autotrackgqi
ProjectionBrainstem_MedialForebrainBundleL	tdi	DSIStudio	/scratch/executivefunction/SLURM_8364170_41/job-8364170-41-sub-20328-ses-1/ds/inputs/data/qsiprep/qsiprep/sub-20328/ses-1/dwi/sub-20328_ses-1_space-ACPC_desc-preproc_dwi.nii.gz	0.0	70.192	119.54673	22.0	70.192	22.0	119.54673	sub-20328	ses-1				space-ACPC			DSIStudio	autotrackgqi
ProjectionBrainstem_DentatorubrothalamicTract-rl	tdi	DSIStudio	/scratch/executivefunction/SLURM_8364170_41/job-8364170-41-sub-20328-ses-1/ds/inputs/data/qsiprep/qsiprep/sub-20328/ses-1/dwi/sub-20328_ses-1_space-ACPC_desc-preproc_dwi.nii.gz	0.0	88.60856	138.68272	30.0	88.60856	30.0	138.68272	sub-20328	ses-1				space-ACPC			DSIStudio	autotrackgqi
ProjectionBasalGanglia_FasciculusLenticularisL	tdi	DSIStudio	/scratch/executivefunction/SLURM_8364170_41/job-8364170-41-sub-20328-ses-1/ds/inputs/data/qsiprep/qsiprep/sub-20328/ses-1/dwi/sub-20328_ses-1_space-ACPC_desc-preproc_dwi.nii.gz	0.0	38.241238	57.640488	12.0	38.241238	12.0	57.640488	sub-20328	ses-1				space-ACPC			DSIStudio	autotrackgqi
ProjectionBrainstem_ReticularTractR	tdi	DSIStudio	/scratch/executivefunction/SLURM_8364170_41/job-8364170-41-sub-20328-ses-1/ds/inputs/data/qsiprep/qsiprep/sub-20328/ses-1/dwi/sub-20328_ses-1_space-ACPC_desc-preproc_dwi.nii.gz	0.0	113.015625	223.86815	30.0	113.015625	30.0	223.86815	sub-20328	ses-1				space-ACPC			DSIStudio	autotrackgqi
ProjectionBrainstem_CorticopontineTractR	tdi	DSIStudio	/scratch/executivefunction/SLURM_8364170_41/job-8364170-41-sub-20328-ses-1/ds/inputs/data/qsiprep/qsiprep/sub-20328/ses-1/dwi/sub-20328_ses-1_space-ACPC_desc-preproc_dwi.nii.gz	0.0	121.257835	207.31352	37.0	121.257835	37.0	207.31352	sub-20328	ses-1				space-ACPC			DSIStudio	autotrackgqi
ProjectionBrainstem_MedialLemniscusL	tdi	DSIStudio	/scratch/executivefunction/SLURM_8364170_41/job-8364170-41-sub-20328-ses-1/ds/inputs/data/qsiprep/qsiprep/sub-20328/ses-1/dwi/sub-20328_ses-1_space-ACPC_desc-preproc_dwi.nii.gz	0.0	30.083292	46.012947	13.0	30.083292	13.0	46.012947	sub-20328	ses-1				space-ACPC			DSIStudio	autotrackgqi
ProjectionBasalGanglia_ThalamicRadiationL	tdi	DSIStudio	/scratch/executivefunction/SLURM_8364170_41/job-8364170-41-sub-20328-ses-1/ds/inputs/data/qsiprep/qsiprep/sub-20328/ses-1/dwi/sub-20328_ses-1_space-ACPC_desc-preproc_dwi.nii.gz	0.0	182.0184	350.98953	55.0	182.0184	55.0	350.98953	sub-20328	ses-1				space-ACPC			DSIStudio	autotrackgqi
ProjectionBrainstem_CorticopontineTractL	tdi	DSIStudio	/scratch/executivefunction/SLURM_8364170_41/job-8364170-41-sub-20328-ses-1/ds/inputs/data/qsiprep/qsiprep/sub-20328/ses-1/dwi/sub-20328_ses-1_space-ACPC_desc-preproc_dwi.nii.gz	0.0	188.33485	368.2516	44.0	188.33485	44.0	368.2516	sub-20328	ses-1				space-ACPC			DSIStudio	autotrackgqi
ProjectionBasalGanglia_AcousticRadiationR	tdi	DSIStudio	/scratch/executivefunction/SLURM_8364170_41/job-8364170-41-sub-20328-ses-1/ds/inputs/data/qsiprep/qsiprep/sub-20328/ses-1/dwi/sub-20328_ses-1_space-ACPC_desc-preproc_dwi.nii.gz	0.0	53.185593	81.82517	21.0	53.185593	21.0	81.82517	sub-20328	ses-1				space-ACPC			DSIStudio	autotrackgqi
ProjectionBasalGanglia_CorticostriatalTractR	tdi	DSIStudio	/scratch/executivefunction/SLURM_8364170_41/job-8364170-41-sub-20328-ses-1/ds/inputs/data/qsiprep/qsiprep/sub-20328/ses-1/dwi/sub-20328_ses-1_space-ACPC_desc-preproc_dwi.nii.gz	0.0	121.04064	250.79796	31.0	121.04064	31.0	250.79796	sub-20328	ses-1				space-ACPC			DSIStudio	autotrackgqi
ProjectionBrainstem_NonDecussatingDentatorubrothalamicTractR	tdi	DSIStudio	/scratch/executivefunction/SLURM_8364170_41/job-8364170-41-sub-20328-ses-1/ds/inputs/data/qsiprep/qsiprep/sub-20328/ses-1/dwi/sub-20328_ses-1_space-ACPC_desc-preproc_dwi.nii.gz	0.0	214.73288	410.29828	50.0	214.73288	50.0	410.29828	sub-20328	ses-1				space-ACPC			DSIStudio	autotrackgqi
ProjectionBasalGanglia_AcousticRadiationL	tdi	DSIStudio	/scratch/executivefunction/SLURM_8364170_41/job-8364170-41-sub-20328-ses-1/ds/inputs/data/qsiprep/qsiprep/sub-20328/ses-1/dwi/sub-20328_ses-1_space-ACPC_desc-preproc_dwi.nii.gz	0.0	58.854477	92.97419	21.0	58.854477	21.0	92.97419	sub-20328	ses-1				space-ACPC			DSIStudio	autotrackgqi
ProjectionBrainstem_DentatorubrothalamicTract-lr	tdi	DSIStudio	/scratch/executivefunction/SLURM_8364170_41/job-8364170-41-sub-20328-ses-1/ds/inputs/data/qsiprep/qsiprep/sub-20328/ses-1/dwi/sub-20328_ses-1_space-ACPC_desc-preproc_dwi.nii.gz	0.0	119.81085	206.68088	46.0	119.81085	46.0	206.68088	sub-20328	ses-1				space-ACPC			DSIStudio	autotrackgqi
ProjectionBasalGanglia_FasciculusSubthalamicusL	tdi	DSIStudio	/scratch/executivefunction/SLURM_8364170_41/job-8364170-41-sub-20328-ses-1/ds/inputs/data/qsiprep/qsiprep/sub-20328/ses-1/dwi/sub-20328_ses-1_space-ACPC_desc-preproc_dwi.nii.gz	0.0	32.888077	47.84805	14.0	32.888077	14.0	47.84805	sub-20328	ses-1				space-ACPC			DSIStudio	autotrackgqi
ProjectionBasalGanglia_FasciculusLenticularisR	tdi	DSIStudio	/scratch/executivefunction/SLURM_8364170_41/job-8364170-41-sub-20328-ses-1/ds/inputs/data/qsiprep/qsiprep/sub-20328/ses-1/dwi/sub-20328_ses-1_space-ACPC_desc-preproc_dwi.nii.gz	0.0	30.636524	54.439674	8.5	30.636524	8.5	54.439674	sub-20328	ses-1				space-ACPC			DSIStudio	autotrackgqi
Commissure_AnteriorCommissure	tdi	DSIStudio	/scratch/executivefunction/SLURM_8364170_41/job-8364170-41-sub-20328-ses-1/ds/inputs/data/qsiprep/qsiprep/sub-20328/ses-1/dwi/sub-20328_ses-1_space-ACPC_desc-preproc_dwi.nii.gz	0.0	88.91439	145.60338	34.0	88.91439	34.0	145.60338	sub-20328	ses-1				space-ACPC			DSIStudio	autotrackgqi
Commissure_CorpusCallosum	tdi	DSIStudio	/scratch/executivefunction/SLURM_8364170_41/job-8364170-41-sub-20328-ses-1/ds/inputs/data/qsiprep/qsiprep/sub-20328/ses-1/dwi/sub-20328_ses-1_space-ACPC_desc-preproc_dwi.nii.gz	0.0	232.09442	383.46576	68.0	232.09442	68.0	383.46576	sub-20328	ses-1				space-ACPC			DSIStudio	autotrackgqi
Cerebellum_InferiorCerebellarPeduncleL	tdi	DSIStudio	/scratch/executivefunction/SLURM_8364170_41/job-8364170-41-sub-20328-ses-1/ds/inputs/data/qsiprep/qsiprep/sub-20328/ses-1/dwi/sub-20328_ses-1_space-ACPC_desc-preproc_dwi.nii.gz	0.0	52.40502	74.22979	25.0	52.40502	25.0	74.22979	sub-20328	ses-1				space-ACPC			DSIStudio	autotrackgqi
Cerebellum_InferiorCerebellarPeduncleR	tdi	DSIStudio	/scratch/executivefunction/SLURM_8364170_41/job-8364170-41-sub-20328-ses-1/ds/inputs/data/qsiprep/qsiprep/sub-20328/ses-1/dwi/sub-20328_ses-1_space-ACPC_desc-preproc_dwi.nii.gz	0.0	59.31896	79.459816	28.0	59.31896	28.0	79.459816	sub-20328	ses-1				space-ACPC			DSIStudio	autotrackgqi
Cerebellum_CerebellumR	tdi	DSIStudio	/scratch/executivefunction/SLURM_8364170_41/job-8364170-41-sub-20328-ses-1/ds/inputs/data/qsiprep/qsiprep/sub-20328/ses-1/dwi/sub-20328_ses-1_space-ACPC_desc-preproc_dwi.nii.gz	0.0	39.53589	42.765465	26.0	39.53589	26.0	42.765465	sub-20328	ses-1				space-ACPC			DSIStudio	autotrackgqi
Cerebellum_CerebellumL	tdi	DSIStudio	/scratch/executivefunction/SLURM_8364170_41/job-8364170-41-sub-20328-ses-1/ds/inputs/data/qsiprep/qsiprep/sub-20328/ses-1/dwi/sub-20328_ses-1_space-ACPC_desc-preproc_dwi.nii.gz	0.0	36.98241	42.70209	23.0	36.98241	23.0	42.70209	sub-20328	ses-1				space-ACPC			DSIStudio	autotrackgqi
Cerebellum_SuperiorCerebellarPeduncle	tdi	DSIStudio	/scratch/executivefunction/SLURM_8364170_41/job-8364170-41-sub-20328-ses-1/ds/inputs/data/qsiprep/qsiprep/sub-20328/ses-1/dwi/sub-20328_ses-1_space-ACPC_desc-preproc_dwi.nii.gz	0.0	88.56705	180.20258	27.0	88.56705	27.0	180.20258	sub-20328	ses-1				space-ACPC			DSIStudio	autotrackgqi
Cerebellum_Vermis	tdi	DSIStudio	/scratch/executivefunction/SLURM_8364170_41/job-8364170-41-sub-20328-ses-1/ds/inputs/data/qsiprep/qsiprep/sub-20328/ses-1/dwi/sub-20328_ses-1_space-ACPC_desc-preproc_dwi.nii.gz	0.0	93.199	146.05698	36.0	93.199	36.0	146.05698	sub-20328	ses-1				space-ACPC			DSIStudio	autotrackgqi
Cerebellum_MiddleCerebellarPeduncle	tdi	DSIStudio	/scratch/executivefunction/SLURM_8364170_41/job-8364170-41-sub-20328-ses-1/ds/inputs/data/qsiprep/qsiprep/sub-20328/ses-1/dwi/sub-20328_ses-1_space-ACPC_desc-preproc_dwi.nii.gz	0.0	84.67259	113.008484	41.0	84.67259	41.0	113.008484	sub-20328	ses-1				space-ACPC			DSIStudio	autotrackgqi
CranialNerve_CNIIIL	tdi	DSIStudio	/scratch/executivefunction/SLURM_8364170_41/job-8364170-41-sub-20328-ses-1/ds/inputs/data/qsiprep/qsiprep/sub-20328/ses-1/dwi/sub-20328_ses-1_space-ACPC_desc-preproc_dwi.nii.gz	0.0	16.462069	20.209599	9.0	16.462069	9.0	20.209599	sub-20328	ses-1				space-ACPC			DSIStudio	autotrackgqi
CranialNerve_CNVR	tdi	DSIStudio	/scratch/executivefunction/SLURM_8364170_41/job-8364170-41-sub-20328-ses-1/ds/inputs/data/qsiprep/qsiprep/sub-20328/ses-1/dwi/sub-20328_ses-1_space-ACPC_desc-preproc_dwi.nii.gz	0.0	15.783334	23.06163	7.0	15.783334	7.0	23.06163	sub-20328	ses-1				space-ACPC			DSIStudio	autotrackgqi
CranialNerve_CNVIIR	tdi	DSIStudio	/scratch/executivefunction/SLURM_8364170_41/job-8364170-41-sub-20328-ses-1/ds/inputs/data/qsiprep/qsiprep/sub-20328/ses-1/dwi/sub-20328_ses-1_space-ACPC_desc-preproc_dwi.nii.gz	0.0	14.5518675	16.608452	8.0	14.5518675	8.0	16.608452	sub-20328	ses-1				space-ACPC			DSIStudio	autotrackgqi
CranialNerve_CNIIL	tdi	DSIStudio	/scratch/executivefunction/SLURM_8364170_41/job-8364170-41-sub-20328-ses-1/ds/inputs/data/qsiprep/qsiprep/sub-20328/ses-1/dwi/sub-20328_ses-1_space-ACPC_desc-preproc_dwi.nii.gz	0.0	115.10526	170.19783	40.0	115.10526	40.0	170.19783	sub-20328	ses-1				space-ACPC			DSIStudio	autotrackgqi
CranialNerve_CNVIIIR	tdi	DSIStudio	/scratch/executivefunction/SLURM_8364170_41/job-8364170-41-sub-20328-ses-1/ds/inputs/data/qsiprep/qsiprep/sub-20328/ses-1/dwi/sub-20328_ses-1_space-ACPC_desc-preproc_dwi.nii.gz	0.0	52.758064	114.418365	14.0	52.758064	14.0	114.418365	sub-20328	ses-1				space-ACPC			DSIStudio	autotrackgqi
CranialNerve_CNVL	tdi	DSIStudio	/scratch/executivefunction/SLURM_8364170_41/job-8364170-41-sub-20328-ses-1/ds/inputs/data/qsiprep/qsiprep/sub-20328/ses-1/dwi/sub-20328_ses-1_space-ACPC_desc-preproc_dwi.nii.gz	0.0	19.060846	21.83334	10.0	19.060846	10.0	21.83334	sub-20328	ses-1				space-ACPC			DSIStudio	autotrackgqi
CranialNerve_CNVIIL	tdi	DSIStudio	/scratch/executivefunction/SLURM_8364170_41/job-8364170-41-sub-20328-ses-1/ds/inputs/data/qsiprep/qsiprep/sub-20328/ses-1/dwi/sub-20328_ses-1_space-ACPC_desc-preproc_dwi.nii.gz	0.0	23.968927	34.182323	10.0	23.968927	10.0	34.182323	sub-20328	ses-1				space-ACPC			DSIStudio	autotrackgqi
CranialNerve_CNVIIIL	tdi	DSIStudio	/scratch/executivefunction/SLURM_8364170_41/job-8364170-41-sub-20328-ses-1/ds/inputs/data/qsiprep/qsiprep/sub-20328/ses-1/dwi/sub-20328_ses-1_space-ACPC_desc-preproc_dwi.nii.gz	0.0	17.325443	21.173922	9.0	17.325443	9.0	21.173922	sub-20328	ses-1				space-ACPC			DSIStudio	autotrackgqi
CranialNerve_CNIIIR	tdi	DSIStudio	/scratch/executivefunction/SLURM_8364170_41/job-8364170-41-sub-20328-ses-1/ds/inputs/data/qsiprep/qsiprep/sub-20328/ses-1/dwi/sub-20328_ses-1_space-ACPC_desc-preproc_dwi.nii.gz	0.0	44.415947	76.277794	15.0	44.415947	15.0	76.277794	sub-20328	ses-1				space-ACPC			DSIStudio	autotrackgqi
CranialNerve_CNIIR	tdi	DSIStudio	/scratch/executivefunction/SLURM_8364170_41/job-8364170-41-sub-20328-ses-1/ds/inputs/data/qsiprep/qsiprep/sub-20328/ses-1/dwi/sub-20328_ses-1_space-ACPC_desc-preproc_dwi.nii.gz	0.0	72.350075	122.735634	21.0	72.350075	21.0	122.735634	sub-20328	ses-1				space-ACPC			DSIStudio	autotrackgqi
